Nuclide,Default_Type,Age,AerosolDiam,F,M,S,QAFLAG
Ac-223   , M,7300,      1.00,  0.0000E+00,  0.0000E+00,  0.0000E+00,BBB
Ac-224   , M,7300,      1.00,  6.8254E-09,  7.2988E-08,  8.2018E-08,BAA
Ac-225   , M,7300,      1.00,  7.0347E-07,  5.3861E-06,  6.1682E-06,AAA
Ac-226   , M,7300,      1.00,  1.0976E-07,  8.3908E-07,  9.3115E-07,BAA
Ac-227   , M,7300,      1.00,  1.3791E-04,  6.9449E-05,  5.2805E-05,AAA
Ac-228   , M,7300,      1.00,  1.0585E-08,  1.0003E-08,  1.2330E-08,AAA
Ac-230   , M,7300,      1.00,  0.0000E+00,  0.0000E+00,  0.0000E+00,BBB
Ac-231   , M,7300,      1.00,  0.0000E+00,  0.0000E+00,  0.0000E+00,BBB
Ac-232   , M,7300,      1.00,  0.0000E+00,  0.0000E+00,  0.0000E+00,BBB
Ac-233   , M,7300,      1.00,  0.0000E+00,  0.0000E+00,  0.0000E+00,BBB
Ag-100m  , M,7300,      1.00,  0.0000E+00,  0.0000E+00,  0.0000E+00,BBB
Ag-101   , M,7300,      1.00,  7.7132E-12,  1.0867E-11,  1.1225E-11,BBB
Ag-102   , M,7300,      1.00,  1.0695E-11,  1.4528E-11,  1.4949E-11,BBB
Ag-102m  , M,7300,      1.00,  0.0000E+00,  0.0000E+00,  0.0000E+00,BBB
Ag-103   , M,7300,      1.00,  1.1662E-11,  1.9679E-11,  2.0625E-11,BBB
Ag-104   , M,7300,      1.00,  2.3486E-11,  3.0136E-11,  3.0902E-11,BBB
Ag-104m  , M,7300,      1.00,  1.4890E-11,  2.3500E-11,  2.4451E-11,BBB
Ag-105   , M,7300,      1.00,  4.7182E-10,  6.6525E-10,  7.4745E-10,AAA
Ag-105m  , M,7300,      1.00,  0.0000E+00,  0.0000E+00,  0.0000E+00,BBB
Ag-106   , M,7300,      1.00,  7.2827E-12,  1.1814E-11,  1.2315E-11,BBB
Ag-106m  , M,7300,      1.00,  9.1530E-10,  9.8759E-10,  9.9615E-10,BBB
Ag-108   , M,7300,      1.00,  0.0000E+00,  0.0000E+00,  0.0000E+00,BBB
Ag-108m  , M,7300,      1.00,  5.4128E-09,  7.3225E-09,  3.9115E-08,AAA
Ag-109m  , M,7300,      1.00,  0.0000E+00,  0.0000E+00,  0.0000E+00,BBB
Ag-110   , M,7300,      1.00,  0.0000E+00,  0.0000E+00,  0.0000E+00,BBB
Ag-110m  , M,7300,      1.00,  4.9189E-09,  7.3512E-09,  1.2185E-08,AAA
Ag-111   , M,7300,      1.00,  3.3862E-10,  1.2566E-09,  1.4011E-09,AAA
Ag-111m  , M,7300,      1.00,  0.0000E+00,  0.0000E+00,  0.0000E+00,BBB
Ag-112   , M,7300,      1.00,  6.2310E-11,  1.3537E-10,  1.4411E-10,BBB
Ag-113   , M,7300,      1.00,  5.3575E-11,  1.2358E-10,  1.3331E-10,BAA
Ag-113m  , M,7300,      1.00,  0.0000E+00,  0.0000E+00,  0.0000E+00,BBB
Ag-114   , M,7300,      1.00,  0.0000E+00,  0.0000E+00,  0.0000E+00,BBB
Ag-115   , M,7300,      1.00,  1.1642E-11,  2.1816E-11,  2.3029E-11,BBB
Ag-116   , M,7300,      1.00,  0.0000E+00,  0.0000E+00,  0.0000E+00,BBB
Ag-117   , M,7300,      1.00,  0.0000E+00,  0.0000E+00,  0.0000E+00,BBB
Ag-99    , M,7300,      1.00,  0.0000E+00,  0.0000E+00,  0.0000E+00,BBB
Al-26    , M,7300,      1.00,  9.8994E-09,  1.8838E-08,  1.1039E-07,AAA
Al-28    , M,7300,      1.00,  0.0000E+00,  0.0000E+00,  0.0000E+00,BBB
Al-29    , M,7300,      1.00,  0.0000E+00,  0.0000E+00,  0.0000E+00,BBB
Am-237   , M,7300,      1.00,  9.0632E-12,  1.8777E-11,  1.9876E-11,BBB
Am-238   , M,7300,      1.00,  1.6646E-10,  8.4392E-11,  3.8277E-11,AAA
Am-239   , M,7300,      1.00,  6.4247E-11,  1.7127E-10,  1.8229E-10,BBB
Am-240   , M,7300,      1.00,  2.0262E-10,  3.5805E-10,  3.5239E-10,ABB
Am-241   , M,7300,      1.00,  8.5357E-05,  4.0077E-05,  1.5013E-05,AAA
Am-242   , M,7300,      1.00,  9.9649E-09,  1.3710E-08,  1.5303E-08,AAA
Am-242m  , M,7300,      1.00,  8.1120E-05,  3.5999E-05,  1.1155E-05,AAA
Am-243   , M,7300,      1.00,  8.4752E-05,  3.9613E-05,  1.4528E-05,AAA
Am-244   , M,7300,      1.00,  3.2792E-09,  1.8364E-09,  1.0356E-09,AAA
Am-244m  , M,7300,      1.00,  1.4203E-10,  7.7174E-11,  4.9727E-11,AAB
Am-245   , M,7300,      1.00,  1.7452E-11,  4.0511E-11,  4.2511E-11,BBB
Am-246   , M,7300,      1.00,  2.8793E-11,  5.5312E-11,  5.7923E-11,BBB
Am-246m  , M,7300,      1.00,  1.1522E-11,  1.7897E-11,  1.8400E-11,BBB
Am-247   , M,7300,      1.00,  1.1016E-11,  1.9910E-11,  2.0889E-11,BBB
Ar-37    , M,7300,      1.00,  0.0000E+00,  0.0000E+00,  0.0000E+00,BBB
Ar-39    , M,7300,      1.00,  0.0000E+00,  0.0000E+00,  0.0000E+00,BBB
Ar-41    , M,7300,      1.00,  0.0000E+00,  0.0000E+00,  0.0000E+00,BBB
Ar-42    , M,7300,      1.00,  0.0000E+00,  0.0000E+00,  0.0000E+00,BBB
Ar-43    , M,7300,      1.00,  0.0000E+00,  0.0000E+00,  0.0000E+00,BBB
Ar-44    , M,7300,      1.00,  0.0000E+00,  0.0000E+00,  0.0000E+00,BBB
As-68    , M,7300,      1.00,  0.0000E+00,  0.0000E+00,  0.0000E+00,BBB
As-69    , M,7300,      1.00,  1.1035E-11,  1.6905E-11,  1.7560E-11,BBB
As-70    , M,7300,      1.00,  3.8381E-11,  5.6835E-11,  5.8870E-11,BBB
As-71    , M,7300,      1.00,  1.4096E-10,  3.2041E-10,  3.0039E-10,BBA
As-72    , M,7300,      1.00,  4.3611E-10,  7.7567E-10,  8.1515E-10,BBB
As-73    , M,7300,      1.00,  6.8488E-11,  7.9929E-10,  1.0675E-09,AAA
As-74    , M,7300,      1.00,  4.0253E-10,  1.8277E-09,  2.1450E-09,BAA
As-76    , M,7300,      1.00,  2.8835E-10,  6.1878E-10,  6.5732E-10,AAA
As-77    , M,7300,      1.00,  7.5764E-11,  3.0197E-10,  3.2923E-10,AAA
As-78    , M,7300,      1.00,  3.8937E-11,  7.1060E-11,  7.4605E-11,BBB
As-79    , M,7300,      1.00,  0.0000E+00,  0.0000E+00,  0.0000E+00,BBB
At-204   , M,7300,      1.00,  0.0000E+00,  0.0000E+00,  0.0000E+00,BBB
At-205   , M,7300,      1.00,  1.5231E-10,  4.5524E-10,  4.8859E-10,AAA
At-206   , M,7300,      1.00,  3.4234E-11,  1.5197E-10,  1.7063E-10,BAA
At-207   , M,7300,      1.00,  2.5196E-10,  1.3799E-09,  1.5098E-09,BAA
At-208   , M,7300,      1.00,  5.4392E-11,  2.7632E-10,  4.7794E-10,BAA
At-209   , M,7300,      1.00,  2.3683E-10,  1.7300E-09,  1.9363E-09,BAA
At-210   , M,7300,      1.00,  3.2548E-10,  5.8892E-09,  8.1600E-09,BAA
At-211   , M,7300,      1.00,  1.2525E-08,  7.4902E-08,  8.2641E-08,BAA
At-215   , M,7300,      1.00,  0.0000E+00,  0.0000E+00,  0.0000E+00,BBB
At-216   , M,7300,      1.00,  0.0000E+00,  0.0000E+00,  0.0000E+00,BBB
At-217   , M,7300,      1.00,  0.0000E+00,  0.0000E+00,  0.0000E+00,BBB
At-218   , M,7300,      1.00,  0.0000E+00,  0.0000E+00,  0.0000E+00,BBB
At-219   , M,7300,      1.00,  0.0000E+00,  0.0000E+00,  0.0000E+00,BBB
At-220   , M,7300,      1.00,  0.0000E+00,  0.0000E+00,  0.0000E+00,BBB
Au-186   , M,7300,      1.00,  1.0798E-11,  1.5906E-11,  1.6473E-11,BBB
Au-187   , M,7300,      1.00,  0.0000E+00,  0.0000E+00,  0.0000E+00,BBB
Au-190   , M,7300,      1.00,  1.3878E-11,  1.9045E-11,  1.9615E-11,BBB
Au-191   , M,7300,      1.00,  2.1843E-11,  4.7202E-11,  5.0174E-11,BBB
Au-192   , M,7300,      1.00,  5.5403E-11,  7.5917E-11,  7.8192E-11,BBB
Au-193   , M,7300,      1.00,  2.8524E-11,  7.5563E-11,  8.0952E-11,BBB
Au-193m  , M,7300,      1.00,  0.0000E+00,  0.0000E+00,  0.0000E+00,BBB
Au-194   , M,7300,      1.00,  1.1518E-10,  1.8611E-10,  1.9451E-10,BBB
Au-195   , M,7300,      1.00,  5.6367E-11,  9.3879E-10,  1.5709E-09,BAA
Au-195m  , M,7300,      1.00,  0.0000E+00,  0.0000E+00,  0.0000E+00,BBB
Au-196   , M,7300,      1.00,  9.6251E-11,  2.7158E-10,  2.9743E-10,BBB
Au-196m  , M,7300,      1.00,  8.9298E-11,  3.3518E-10,  3.1359E-10,BBA
Au-198   , M,7300,      1.00,  1.7302E-10,  6.2104E-10,  6.8311E-10,BAA
Au-198m  , M,7300,      1.00,  2.4757E-10,  1.2667E-09,  1.4099E-09,BAA
Au-199   , M,7300,      1.00,  8.3366E-11,  5.4025E-10,  6.0296E-10,BAA
Au-200   , M,7300,      1.00,  1.3373E-11,  2.6544E-11,  2.7997E-11,BBB
Au-200m  , M,7300,      1.00,  2.2984E-10,  5.0441E-10,  5.3577E-10,BBB
Au-201   , M,7300,      1.00,  6.8922E-12,  1.2805E-11,  1.3458E-11,BBB
Au-202   , M,7300,      1.00,  0.0000E+00,  0.0000E+00,  0.0000E+00,BBB
Ba-124   , M,7300,      1.00,  1.3201E-11,  1.8026E-11,  1.8557E-11,BBB
Ba-126   , M,7300,      1.00,  6.6116E-11,  8.9095E-11,  9.1674E-11,BBB
Ba-127   , M,7300,      1.00,  6.3850E-12,  8.7671E-12,  9.0353E-12,BBB
Ba-128   , M,7300,      1.00,  6.6870E-10,  1.1341E-09,  1.2009E-09,AAA
Ba-129   , M,7300,      1.00,  1.6290E-11,  2.2426E-11,  2.3172E-11,BBB
Ba-129m  , M,7300,      1.00,  3.1092E-11,  3.6874E-11,  3.7641E-11,BBB
Ba-131   , M,7300,      1.00,  1.8835E-10,  6.0297E-10,  6.8466E-10,BAA
Ba-131m  , M,7300,      1.00,  3.0499E-12,  5.5018E-12,  5.7987E-12,BBB
Ba-133   , M,7300,      1.00,  1.3358E-09,  2.8565E-09,  1.0174E-08,AAA
Ba-133m  , M,7300,      1.00,  1.3011E-10,  3.3460E-10,  3.6415E-10,AAA
Ba-135m  , M,7300,      1.00,  9.9881E-11,  2.5529E-10,  2.7519E-10,AAA
Ba-137m  , M,7300,      1.00,  0.0000E+00,  0.0000E+00,  0.0000E+00,BBB
Ba-139   , M,7300,      1.00,  2.8458E-11,  4.5753E-11,  4.7641E-11,BBB
Ba-140   , M,7300,      1.00,  8.9547E-10,  4.3492E-09,  5.0111E-09,AAA
Ba-141   , M,7300,      1.00,  1.7880E-11,  2.7117E-11,  2.8286E-11,BBB
Ba-142   , M,7300,      1.00,  1.1827E-11,  1.6483E-11,  1.7005E-11,BBB
Be-10    , M,7300,      1.00,  5.8086E-09,  8.6531E-09,  3.4141E-08,AAA
Be-7     , M,7300,      1.00,  3.3149E-11,  4.4906E-11,  5.4791E-11,BAA
Bi-197   , M,7300,      1.00,  0.0000E+00,  0.0000E+00,  0.0000E+00,BBB
Bi-200   , M,7300,      1.00,  1.9528E-11,  2.8518E-11,  2.9530E-11,BBB
Bi-201   , M,7300,      1.00,  4.0616E-11,  5.8303E-11,  6.0320E-11,BBB
Bi-202   , M,7300,      1.00,  3.9266E-11,  4.9687E-11,  5.0837E-11,BBB
Bi-203   , M,7300,      1.00,  1.6290E-10,  2.2575E-10,  2.3307E-10,BBB
Bi-204   , M,7300,      1.00,  1.9556E-10,  2.5193E-10,  2.5824E-10,BBB
Bi-205   , M,7300,      1.00,  3.2682E-10,  8.5837E-10,  9.6902E-10,BBB
Bi-206   , M,7300,      1.00,  6.3737E-10,  1.4443E-09,  1.5646E-09,BBB
Bi-207   , M,7300,      1.00,  4.1959E-10,  5.6106E-09,  3.9429E-08,BAA
Bi-208   , M,7300,      1.00,  4.5116E-10,  4.4815E-09,  3.7307E-08,BAA
Bi-210   , M,7300,      1.00,  9.3175E-10,  7.0393E-08,  1.0335E-07,BAA
Bi-210m  , M,7300,      1.00,  4.0325E-08,  2.6310E-06,  8.9913E-06,BAA
Bi-211   , M,7300,      1.00,  0.0000E+00,  0.0000E+00,  0.0000E+00,BBB
Bi-212   , M,7300,      1.00,  6.7967E-09,  2.1918E-08,  2.3585E-08,BBB
Bi-212n  , M,7300,      1.00,  0.0000E+00,  0.0000E+00,  0.0000E+00,BBB
Bi-213   , M,7300,      1.00,  7.8982E-09,  2.1429E-08,  2.2920E-08,BBB
Bi-214   , M,7300,      1.00,  5.3852E-09,  1.0559E-08,  1.1140E-08,BBB
Bi-215   , M,7300,      1.00,  0.0000E+00,  0.0000E+00,  0.0000E+00,BBB
Bi-216   , M,7300,      1.00,  0.0000E+00,  0.0000E+00,  0.0000E+00,BBB
Bk-245   , M,7300,      1.00,  5.1727E-10,  1.5815E-09,  1.6738E-09,AAA
Bk-246   , M,7300,      1.00,  2.4255E-10,  2.1836E-10,  2.3223E-10,AAB
Bk-247   , M,7300,      1.00,  1.4768E-04,  6.7172E-05,  1.8779E-05,AAA
Bk-248m  , M,7300,      1.00,  2.0745E-08,  1.5387E-08,  1.3040E-08,AAA
Bk-249   , M,7300,      1.00,  3.6983E-07,  1.6270E-07,  3.7877E-08,AAA
Bk-250   , M,7300,      1.00,  1.8879E-09,  9.5495E-10,  4.2463E-10,AAA
Bk-251   , M,7300,      1.00,  2.3842E-11,  3.5675E-11,  3.1640E-11,ABB
Br-72    , M,7300,      1.00,  0.0000E+00,  0.0000E+00,  0.0000E+00,BBB
Br-73    , M,7300,      1.00,  0.0000E+00,  0.0000E+00,  0.0000E+00,BBB
Br-74    , M,7300,      1.00,  2.1342E-11,  3.1273E-11,  3.2369E-11,BBB
Br-74m   , M,7300,      1.00,  3.4180E-11,  5.3320E-11,  5.5427E-11,BBB
Br-75    , M,7300,      1.00,  2.3790E-11,  4.3306E-11,  4.5675E-11,BBB
Br-76    , M,7300,      1.00,  2.1349E-10,  3.5647E-10,  3.7288E-10,BBB
Br-76m   , M,7300,      1.00,  0.0000E+00,  0.0000E+00,  0.0000E+00,BBB
Br-77    , M,7300,      1.00,  5.3965E-11,  7.3447E-11,  7.5920E-11,BBB
Br-77m   , M,7300,      1.00,  0.0000E+00,  0.0000E+00,  0.0000E+00,BBB
Br-78    , M,7300,      1.00,  0.0000E+00,  0.0000E+00,  0.0000E+00,BBB
Br-80    , M,7300,      1.00,  6.5796E-12,  1.1156E-11,  1.1661E-11,BBB
Br-80m   , M,7300,      1.00,  2.9294E-11,  7.8577E-11,  8.5073E-11,BAA
Br-82    , M,7300,      1.00,  2.9619E-10,  5.1449E-10,  5.4071E-10,BBB
Br-82m   , M,7300,      1.00,  0.0000E+00,  0.0000E+00,  0.0000E+00,BBB
Br-83    , M,7300,      1.00,  1.2954E-11,  3.7655E-11,  4.0388E-11,BBB
Br-84    , M,7300,      1.00,  1.7790E-11,  3.0244E-11,  3.1615E-11,BBB
Br-84m   , M,7300,      1.00,  0.0000E+00,  0.0000E+00,  0.0000E+00,BBB
Br-85    , M,7300,      1.00,  0.0000E+00,  0.0000E+00,  0.0000E+00,BBB
C-10     , M,7300,      1.00,  0.0000E+00,  0.0000E+00,  0.0000E+00,BBB
C-11     , M,7300,      1.00,  8.6397E-12,  1.3910E-11,  1.4486E-11,BBB
C-14     , M,7300,      1.00,  1.7366E-10,  1.5949E-09,  5.2463E-09,BAA
Ca-41    , M,7300,      1.00,  1.7242E-10,  1.0665E-10,  2.1634E-10,AAA
Ca-45    , M,7300,      1.00,  4.0551E-10,  2.1247E-09,  2.9146E-09,AAA
Ca-47    , M,7300,      1.00,  4.7683E-10,  1.5278E-09,  1.7010E-09,BAA
Ca-49    , M,7300,      1.00,  0.0000E+00,  0.0000E+00,  0.0000E+00,BBB
Cd-101   , M,7300,      1.00,  0.0000E+00,  0.0000E+00,  0.0000E+00,BBB
Cd-102   , M,7300,      1.00,  0.0000E+00,  0.0000E+00,  0.0000E+00,BBB
Cd-103   , M,7300,      1.00,  0.0000E+00,  0.0000E+00,  0.0000E+00,BBB
Cd-104   , M,7300,      1.00,  2.1353E-11,  3.8107E-11,  3.9955E-11,BBB
Cd-105   , M,7300,      1.00,  1.2676E-11,  1.8750E-11,  1.9468E-11,BBB
Cd-107   , M,7300,      1.00,  1.7503E-11,  6.1782E-11,  6.6726E-11,BBB
Cd-109   , M,7300,      1.00,  7.1829E-09,  5.7074E-09,  5.2722E-09,BBA
Cd-111m  , M,7300,      1.00,  7.9592E-12,  1.6452E-11,  1.7385E-11,BBB
Cd-113   , M,7300,      1.00,  1.0517E-07,  5.2332E-08,  2.3622E-08,BBB
Cd-113m  , M,7300,      1.00,  9.8768E-08,  5.0587E-08,  2.9688E-08,BBB
Cd-115   , M,7300,      1.00,  3.0713E-10,  7.9002E-10,  8.6365E-10,BAA
Cd-115m  , M,7300,      1.00,  4.6568E-09,  5.5684E-09,  6.9381E-09,BAA
Cd-117   , M,7300,      1.00,  5.5323E-11,  1.2712E-10,  1.3507E-10,BBB
Cd-117m  , M,7300,      1.00,  7.8120E-11,  1.5430E-10,  1.6276E-10,BBB
Cd-118   , M,7300,      1.00,  2.8895E-11,  6.1933E-11,  6.5549E-11,BBB
Cd-119   , M,7300,      1.00,  0.0000E+00,  0.0000E+00,  0.0000E+00,BBB
Cd-119m  , M,7300,      1.00,  0.0000E+00,  0.0000E+00,  0.0000E+00,BBB
Ce-130   , M,7300,      1.00,  1.6461E-11,  2.7653E-11,  2.8886E-11,BBB
Ce-131   , M,7300,      1.00,  7.4174E-12,  1.0935E-11,  1.1339E-11,BBB
Ce-132   , M,7300,      1.00,  6.7119E-11,  1.1187E-10,  1.1684E-10,BBB
Ce-133   , M,7300,      1.00,  2.0215E-11,  3.9407E-11,  4.1454E-11,BBB
Ce-133m  , M,7300,      1.00,  6.6271E-11,  9.2856E-11,  9.5597E-11,BBB
Ce-134   , M,7300,      1.00,  5.1780E-10,  1.1739E-09,  1.2592E-09,AAA
Ce-135   , M,7300,      1.00,  8.0364E-11,  1.1082E-10,  1.1428E-10,BBB
Ce-137   , M,7300,      1.00,  6.2233E-12,  8.6008E-12,  8.8639E-12,BBB
Ce-137m  , M,7300,      1.00,  1.0647E-10,  3.1727E-10,  3.4540E-10,BAA
Ce-139   , M,7300,      1.00,  1.3788E-09,  1.4672E-09,  1.6589E-09,AAA
Ce-141   , M,7300,      1.00,  8.2719E-10,  2.5170E-09,  2.9368E-09,AAA
Ce-143   , M,7300,      1.00,  2.3264E-10,  6.1330E-10,  6.7200E-10,BAA
Ce-144   , M,7300,      1.00,  3.5872E-08,  3.4520E-08,  5.1907E-08,AAA
Ce-145   , M,7300,      1.00,  0.0000E+00,  0.0000E+00,  0.0000E+00,BBB
Cf-244   , M,7300,      1.00,  5.1127E-09,  9.7964E-09,  1.0271E-08,BBB
Cf-246   , M,7300,      1.00,  6.3641E-08,  3.2663E-07,  3.5987E-07,AAA
Cf-247   , M,7300,      1.00,  4.2424E-11,  3.4139E-11,  2.8165E-11,AAB
Cf-248   , M,7300,      1.00,  9.9977E-06,  7.5083E-06,  6.3863E-06,AAA
Cf-249   , M,7300,      1.00,  1.4840E-04,  6.7710E-05,  1.9372E-05,AAA
Cf-250   , M,7300,      1.00,  6.6726E-05,  3.2258E-05,  1.3207E-05,AAA
Cf-251   , M,7300,      1.00,  1.5124E-04,  6.8895E-05,  1.9500E-05,AAA
Cf-252   , M,7300,      1.00,  3.2718E-05,  1.8118E-05,  1.2210E-05,AAA
Cf-253   , M,7300,      1.00,  3.7885E-07,  1.0066E-06,  1.2066E-06,AAA
Cf-254   , M,7300,      1.00,  3.4894E-05,  3.3232E-05,  3.4313E-05,AAA
Cf-255   , M,7300,      1.00,  1.2832E-09,  4.2720E-09,  5.0291E-09,AAA
Cl-34    , M,7300,      1.00,  0.0000E+00,  0.0000E+00,  0.0000E+00,BBB
Cl-34m   , M,7300,      1.00,  2.2102E-11,  3.6145E-11,  3.7690E-11,BBB
Cl-36    , M,7300,      1.00,  2.8274E-10,  6.5033E-09,  3.7589E-08,BAA
Cl-38    , M,7300,      1.00,  2.0915E-11,  3.7463E-11,  3.9290E-11,BBB
Cl-39    , M,7300,      1.00,  2.0895E-11,  3.7707E-11,  3.9567E-11,BBB
Cl-40    , M,7300,      1.00,  0.0000E+00,  0.0000E+00,  0.0000E+00,BBB
Cm-238   , M,7300,      1.00,  3.8902E-10,  1.2718E-09,  1.3262E-09,AAA
Cm-239   , M,7300,      1.00,  2.1428E-11,  4.9805E-11,  5.2761E-11,BBB
Cm-240   , M,7300,      1.00,  1.1975E-06,  2.4181E-06,  2.5879E-06,AAA
Cm-241   , M,7300,      1.00,  2.3521E-08,  2.9604E-08,  2.8110E-08,AAA
Cm-242   , M,7300,      1.00,  2.9284E-06,  4.1069E-06,  4.5838E-06,AAA
Cm-243   , M,7300,      1.00,  6.1889E-05,  3.0138E-05,  1.3461E-05,AAA
Cm-244   , M,7300,      1.00,  5.0590E-05,  2.5166E-05,  1.2245E-05,AAA
Cm-245   , M,7300,      1.00,  8.7197E-05,  4.0753E-05,  1.4916E-05,AAA
Cm-246   , M,7300,      1.00,  8.6875E-05,  4.0642E-05,  1.4963E-05,AAA
Cm-247   , M,7300,      1.00,  7.9652E-05,  3.7123E-05,  1.3411E-05,AAA
Cm-248   , M,7300,      1.00,  3.2230E-04,  1.4589E-04,  4.7672E-05,AAA
Cm-249   , M,7300,      1.00,  3.4918E-11,  2.7654E-11,  2.6325E-11,AAB
Cm-250   , M,7300,      1.00,  2.1961E-03,  9.8507E-04,  3.1139E-04,AAA
Cm-251   , M,7300,      1.00,  1.1767E-11,  1.8527E-11,  1.8538E-11,BBB
Co-54m   , M,7300,      1.00,  0.0000E+00,  0.0000E+00,  0.0000E+00,BBB
Co-55    , M,7300,      1.00,  2.2215E-10,  4.0875E-10,  4.3928E-10,BBB
Co-56    , M,7300,      1.00,  1.6123E-09,  4.5951E-09,  6.4551E-09,BAA
Co-57    , M,7300,      1.00,  1.6383E-10,  5.0479E-10,  9.6044E-10,BAA
Co-58    , M,7300,      1.00,  4.6283E-10,  1.4431E-09,  1.9512E-09,BAA
Co-58m   , M,7300,      1.00,  4.3640E-12,  1.1563E-11,  1.4612E-11,AAA
Co-60    , M,7300,      1.00,  4.6251E-09,  9.3698E-09,  3.0339E-08,BAA
Co-60m   , M,7300,      1.00,  4.7311E-13,  8.4589E-13,  9.6387E-13,AAA
Co-61    , M,7300,      1.00,  1.5719E-11,  3.7201E-11,  3.9667E-11,BBB
Co-62    , M,7300,      1.00,  0.0000E+00,  0.0000E+00,  0.0000E+00,BBB
Co-62m   , M,7300,      1.00,  1.1580E-11,  1.6537E-11,  1.7084E-11,BBB
Cr-48    , M,7300,      1.00,  8.1602E-11,  1.6555E-10,  1.8271E-10,BBB
Cr-49    , M,7300,      1.00,  1.5277E-11,  2.6822E-11,  2.8095E-11,BBB
Cr-51    , M,7300,      1.00,  1.7351E-11,  3.0578E-11,  3.5441E-11,BAA
Cr-55    , M,7300,      1.00,  0.0000E+00,  0.0000E+00,  0.0000E+00,BBB
Cr-56    , M,7300,      1.00,  0.0000E+00,  0.0000E+00,  0.0000E+00,BBB
Cs-121   , F,7300,      1.00,  0.0000E+00,  0.0000E+00,  0.0000E+00,BBB
Cs-121m  , F,7300,      1.00,  0.0000E+00,  0.0000E+00,  0.0000E+00,BBB
Cs-123   , F,7300,      1.00,  0.0000E+00,  0.0000E+00,  0.0000E+00,BBB
Cs-124   , F,7300,      1.00,  0.0000E+00,  0.0000E+00,  0.0000E+00,BBB
Cs-125   , F,7300,      1.00,  9.0605E-12,  1.5921E-11,  1.6652E-11,BBB
Cs-126   , F,7300,      1.00,  0.0000E+00,  0.0000E+00,  0.0000E+00,BBB
Cs-127   , F,7300,      1.00,  1.7057E-11,  3.0110E-11,  3.1654E-11,BBB
Cs-128   , F,7300,      1.00,  0.0000E+00,  0.0000E+00,  0.0000E+00,BBB
Cs-129   , F,7300,      1.00,  3.5758E-11,  6.0519E-11,  6.3888E-11,BBB
Cs-130   , F,7300,      1.00,  6.1507E-12,  1.0508E-11,  1.0979E-11,BBB
Cs-130m  , F,7300,      1.00,  0.0000E+00,  0.0000E+00,  0.0000E+00,BBB
Cs-131   , F,7300,      1.00,  2.3395E-11,  3.9288E-11,  4.2091E-11,BBB
Cs-132   , F,7300,      1.00,  2.0119E-10,  2.6317E-10,  2.7264E-10,BBB
Cs-134   , F,7300,      1.00,  5.7437E-09,  8.4325E-09,  1.9912E-08,BAA
Cs-134m  , F,7300,      1.00,  1.1458E-11,  3.9862E-11,  4.4825E-11,BBB
Cs-135   , F,7300,      1.00,  7.8570E-10,  3.1558E-09,  1.0966E-08,BAA
Cs-135m  , F,7300,      1.00,  9.8185E-12,  1.2795E-11,  1.3091E-11,BBB
Cs-136   , F,7300,      1.00,  1.0438E-09,  2.0070E-09,  2.2167E-09,BAA
Cs-137   , F,7300,      1.00,  4.0215E-09,  8.7670E-09,  3.8968E-08,BAA
Cs-138   , F,7300,      1.00,  2.0995E-11,  3.5314E-11,  3.6851E-11,BBB
Cs-138m  , F,7300,      1.00,  0.0000E+00,  0.0000E+00,  0.0000E+00,BBB
Cs-139   , F,7300,      1.00,  0.0000E+00,  0.0000E+00,  0.0000E+00,BBB
Cs-140   , F,7300,      1.00,  0.0000E+00,  0.0000E+00,  0.0000E+00,BBB
Cu-57    , M,7300,      1.00,  0.0000E+00,  0.0000E+00,  0.0000E+00,BBB
Cu-59    , M,7300,      1.00,  0.0000E+00,  0.0000E+00,  0.0000E+00,BBB
Cu-60    , M,7300,      1.00,  1.8959E-11,  2.7670E-11,  2.8627E-11,BBB
Cu-61    , M,7300,      1.00,  3.0043E-11,  5.8216E-11,  6.1337E-11,BBB
Cu-62    , M,7300,      1.00,  0.0000E+00,  0.0000E+00,  0.0000E+00,BBB
Cu-64    , M,7300,      1.00,  2.9202E-11,  8.6013E-11,  9.2445E-11,BBB
Cu-66    , M,7300,      1.00,  0.0000E+00,  0.0000E+00,  0.0000E+00,BBB
Cu-67    , M,7300,      1.00,  8.2315E-11,  4.0456E-10,  4.4825E-10,BAA
Cu-69    , M,7300,      1.00,  0.0000E+00,  0.0000E+00,  0.0000E+00,BBB
Dy-148   , M,7300,      1.00,  0.0000E+00,  0.0000E+00,  0.0000E+00,BBB
Dy-149   , M,7300,      1.00,  0.0000E+00,  0.0000E+00,  0.0000E+00,BBB
Dy-150   , M,7300,      1.00,  0.0000E+00,  0.0000E+00,  0.0000E+00,BBB
Dy-151   , M,7300,      1.00,  3.7277E-11,  8.7689E-11,  9.3260E-11,AAA
Dy-152   , M,7300,      1.00,  2.7612E-11,  4.7893E-11,  5.0166E-11,BBB
Dy-153   , M,7300,      1.00,  5.4653E-11,  9.5325E-11,  1.0037E-10,BBB
Dy-154   , M,7300,      1.00,  2.2869E-05,  1.0803E-05,  5.5610E-06,AAA
Dy-155   , M,7300,      1.00,  4.6088E-11,  7.0945E-11,  7.4100E-11,BBB
Dy-157   , M,7300,      1.00,  1.8939E-11,  2.4805E-11,  2.5452E-11,BBB
Dy-159   , M,7300,      1.00,  3.9754E-10,  3.5906E-10,  4.1936E-10,AAA
Dy-165   , M,7300,      1.00,  1.9124E-11,  4.6972E-11,  5.0051E-11,BBB
Dy-165m  , M,7300,      1.00,  0.0000E+00,  0.0000E+00,  0.0000E+00,BBB
Dy-166   , M,7300,      1.00,  4.1697E-10,  1.5562E-09,  1.7139E-09,AAA
Dy-167   , M,7300,      1.00,  0.0000E+00,  0.0000E+00,  0.0000E+00,BBB
Dy-168   , M,7300,      1.00,  0.0000E+00,  0.0000E+00,  0.0000E+00,BBB
Er-154   , M,7300,      1.00,  0.0000E+00,  0.0000E+00,  0.0000E+00,BBB
Er-156   , M,7300,      1.00,  8.4411E-12,  1.5237E-11,  1.5988E-11,BBB
Er-159   , M,7300,      1.00,  8.5074E-12,  1.3251E-11,  1.3786E-11,BBB
Er-161   , M,7300,      1.00,  2.7727E-11,  4.1332E-11,  4.2841E-11,BBB
Er-163   , M,7300,      1.00,  7.2167E-13,  1.0067E-12,  1.0381E-12,BBB
Er-165   , M,7300,      1.00,  4.6502E-12,  6.6454E-12,  6.8677E-12,BBB
Er-167m  , M,7300,      1.00,  0.0000E+00,  0.0000E+00,  0.0000E+00,BBB
Er-169   , M,7300,      1.00,  1.5216E-10,  7.7331E-10,  8.7520E-10,AAA
Er-171   , M,7300,      1.00,  6.9102E-11,  1.6889E-10,  1.8006E-10,BBB
Er-172   , M,7300,      1.00,  2.5924E-10,  8.9951E-10,  9.8635E-10,AAA
Er-173   , M,7300,      1.00,  0.0000E+00,  0.0000E+00,  0.0000E+00,BBB
Es-249   , M,7300,      1.00,  1.0219E-10,  1.6296E-10,  1.7862E-10,AAB
Es-250   , M,7300,      1.00,  4.9964E-09,  2.5727E-09,  1.1793E-09,AAA
Es-250m  , M,7300,      1.00,  1.2958E-09,  6.3121E-10,  2.6263E-10,AAA
Es-251   , M,7300,      1.00,  7.9412E-10,  1.6098E-09,  1.5427E-09,AAA
Es-253   , M,7300,      1.00,  4.3560E-07,  1.9989E-06,  2.3114E-06,AAA
Es-254   , M,7300,      1.00,  9.0744E-06,  7.2554E-06,  6.3918E-06,AAA
Es-254m  , M,7300,      1.00,  5.8044E-08,  3.4542E-07,  3.7577E-07,AAA
Es-255   , M,7300,      1.00,  8.6207E-07,  2.8783E-06,  3.3888E-06,AAA
Es-256   , M,7300,      1.00,  6.8830E-09,  2.7183E-08,  2.9429E-08,AAA
Eu-142   , M,7300,      1.00,  0.0000E+00,  0.0000E+00,  0.0000E+00,BBB
Eu-142m  , M,7300,      1.00,  0.0000E+00,  0.0000E+00,  0.0000E+00,BBB
Eu-143   , M,7300,      1.00,  0.0000E+00,  0.0000E+00,  0.0000E+00,BBB
Eu-144   , M,7300,      1.00,  0.0000E+00,  0.0000E+00,  0.0000E+00,BBB
Eu-145   , M,7300,      1.00,  3.8118E-10,  4.4139E-10,  4.5486E-10,BBB
Eu-146   , M,7300,      1.00,  5.5528E-10,  6.6786E-10,  6.8453E-10,BBB
Eu-147   , M,7300,      1.00,  4.6051E-10,  8.6099E-10,  9.6125E-10,AAA
Eu-148   , M,7300,      1.00,  3.1890E-09,  2.5877E-09,  2.7012E-09,AAA
Eu-149   , M,7300,      1.00,  4.7120E-10,  3.7758E-10,  4.0585E-10,AAA
Eu-150   , M,7300,      1.00,  1.1361E-07,  5.2730E-08,  3.3177E-08,AAA
Eu-150m  , M,7300,      1.00,  6.0681E-11,  1.5042E-10,  1.6185E-10,BAA
Eu-152   , M,7300,      1.00,  8.2635E-08,  4.0866E-08,  3.2329E-08,AAA
Eu-152m  , M,7300,      1.00,  7.8922E-11,  1.7603E-10,  1.6872E-10,BBA
Eu-152n  , M,7300,      1.00,  3.7242E-12,  6.5683E-12,  6.8360E-12,BBB
Eu-154   , M,7300,      1.00,  9.4528E-08,  4.9384E-08,  4.4566E-08,AAA
Eu-154m  , M,7300,      1.00,  2.3954E-12,  3.1059E-12,  3.1922E-12,BBB
Eu-155   , M,7300,      1.00,  1.1009E-08,  6.4323E-09,  5.4444E-09,AAA
Eu-156   , M,7300,      1.00,  1.2740E-09,  2.9942E-09,  3.3540E-09,AAA
Eu-157   , M,7300,      1.00,  1.0537E-10,  2.2991E-10,  2.4670E-10,BAA
Eu-158   , M,7300,      1.00,  2.0597E-11,  3.7474E-11,  3.9334E-11,BBB
Eu-159   , M,7300,      1.00,  9.9373E-12,  1.8214E-11,  1.9138E-11,BBB
F-17     , M,7300,      1.00,  0.0000E+00,  0.0000E+00,  0.0000E+00,BBB
F-18     , M,7300,      1.00,  2.2008E-11,  4.2037E-11,  4.4249E-11,BBB
Fe-52    , M,7300,      1.00,  3.2584E-10,  4.9626E-10,  5.2273E-10,BBB
Fe-53    , M,7300,      1.00,  0.0000E+00,  0.0000E+00,  0.0000E+00,BBB
Fe-53m   , M,7300,      1.00,  0.0000E+00,  0.0000E+00,  0.0000E+00,BBB
Fe-55    , M,7300,      1.00,  6.9004E-10,  3.6842E-10,  1.8525E-10,BBA
Fe-59    , M,7300,      1.00,  1.9543E-09,  3.0876E-09,  3.3594E-09,AAA
Fe-60    , M,7300,      1.00,  2.5516E-07,  1.3534E-07,  5.0737E-08,BBA
Fe-61    , M,7300,      1.00,  0.0000E+00,  0.0000E+00,  0.0000E+00,BBB
Fe-62    , M,7300,      1.00,  0.0000E+00,  0.0000E+00,  0.0000E+00,BBB
Fm-251   , M,7300,      1.00,  2.3257E-10,  1.2883E-09,  1.3811E-09,AAA
Fm-252   , M,7300,      1.00,  5.4665E-08,  2.5529E-07,  2.7619E-07,AAA
Fm-253   , M,7300,      1.00,  6.4201E-08,  2.9029E-07,  3.3640E-07,AAA
Fm-254   , M,7300,      1.00,  1.2533E-08,  4.2054E-08,  4.5584E-08,BAA
Fm-255   , M,7300,      1.00,  3.2625E-08,  1.8912E-07,  2.0873E-07,BAA
Fm-256   , M,7300,      1.00,  4.8228E-08,  1.7054E-07,  1.8406E-07,AAA
Fm-257   , M,7300,      1.00,  4.2270E-06,  5.7315E-06,  6.5061E-06,AAA
Fr-212   , M,7300,      1.00,  1.5171E-09,  4.0088E-09,  4.3526E-09,BAA
Fr-219   , M,7300,      1.00,  0.0000E+00,  0.0000E+00,  0.0000E+00,BBB
Fr-220   , M,7300,      1.00,  0.0000E+00,  0.0000E+00,  0.0000E+00,BBB
Fr-221   , M,7300,      1.00,  0.0000E+00,  0.0000E+00,  0.0000E+00,BBB
Fr-222   , M,7300,      1.00,  1.0044E-08,  1.8840E-08,  1.9815E-08,BBB
Fr-223   , M,7300,      1.00,  7.7373E-10,  7.6693E-09,  8.8597E-09,BAA
Fr-224   , M,7300,      1.00,  0.0000E+00,  0.0000E+00,  0.0000E+00,BBB
Fr-227   , M,7300,      1.00,  0.0000E+00,  0.0000E+00,  0.0000E+00,BBB
Ga-64    , M,7300,      1.00,  0.0000E+00,  0.0000E+00,  0.0000E+00,BBB
Ga-65    , M,7300,      1.00,  8.7388E-12,  1.3352E-11,  1.3899E-11,BBB
Ga-66    , M,7300,      1.00,  2.0806E-10,  3.7184E-10,  3.9015E-10,BBB
Ga-67    , M,7300,      1.00,  5.5492E-11,  1.8331E-10,  2.0189E-10,BAA
Ga-68    , M,7300,      1.00,  2.1094E-11,  3.9652E-11,  4.1697E-11,BBB
Ga-70    , M,7300,      1.00,  6.9700E-12,  1.2451E-11,  1.3053E-11,BBB
Ga-72    , M,7300,      1.00,  2.4584E-10,  4.3449E-10,  4.5577E-10,BBB
Ga-73    , M,7300,      1.00,  4.5159E-11,  1.1331E-10,  1.2088E-10,BBB
Ga-74    , M,7300,      1.00,  0.0000E+00,  0.0000E+00,  0.0000E+00,BBB
Gd-142   , M,7300,      1.00,  0.0000E+00,  0.0000E+00,  0.0000E+00,BBB
Gd-143m  , M,7300,      1.00,  0.0000E+00,  0.0000E+00,  0.0000E+00,BBB
Gd-144   , M,7300,      1.00,  0.0000E+00,  0.0000E+00,  0.0000E+00,BBB
Gd-145   , M,7300,      1.00,  1.0282E-11,  1.3963E-11,  1.4389E-11,BBB
Gd-145m  , M,7300,      1.00,  0.0000E+00,  0.0000E+00,  0.0000E+00,BBB
Gd-146   , M,7300,      1.00,  3.7588E-09,  5.2883E-09,  6.0227E-09,AAA
Gd-147   , M,7300,      1.00,  2.2766E-10,  3.4534E-10,  3.6324E-10,BBB
Gd-148   , M,7300,      1.00,  2.2359E-05,  1.0797E-05,  5.9180E-06,AAA
Gd-149   , M,7300,      1.00,  2.8016E-10,  6.7838E-10,  7.5034E-10,AAA
Gd-150   , M,7300,      1.00,  2.1454E-05,  1.0092E-05,  5.1982E-06,AAA
Gd-151   , M,7300,      1.00,  8.2064E-10,  8.8832E-10,  1.0209E-09,AAA
Gd-152   , M,7300,      1.00,  1.6842E-05,  7.7646E-06,  3.8561E-06,AAA
Gd-153   , M,7300,      1.00,  1.8662E-09,  1.7894E-09,  2.0550E-09,AAA
Gd-159   , M,7300,      1.00,  8.4834E-11,  2.1646E-10,  2.3323E-10,BAA
Gd-162   , M,7300,      1.00,  0.0000E+00,  0.0000E+00,  0.0000E+00,BBB
Ge-66    , M,7300,      1.00,  4.5282E-11,  7.6753E-11,  8.0292E-11,BBB
Ge-67    , M,7300,      1.00,  1.2139E-11,  1.9408E-11,  2.0224E-11,BBB
Ge-68    , M,7300,      1.00,  4.4030E-10,  1.3196E-08,  3.0508E-08,BAA
Ge-69    , M,7300,      1.00,  1.0778E-10,  2.0155E-10,  2.1295E-10,BBB
Ge-71    , M,7300,      1.00,  3.9801E-12,  9.9354E-12,  1.1243E-11,BAA
Ge-75    , M,7300,      1.00,  1.1917E-11,  2.8245E-11,  3.0046E-11,BBB
Ge-77    , M,7300,      1.00,  1.2078E-10,  3.0033E-10,  3.2135E-10,BBB
Ge-78    , M,7300,      1.00,  3.6762E-11,  7.6240E-11,  8.0614E-11,BBB
H-3      , F,7300,      1.00,  5.3677E-12,  4.5002E-11,  2.6719E-10,AAA
Hf-167   , M,7300,      1.00,  0.0000E+00,  0.0000E+00,  0.0000E+00,BBB
Hf-169   , M,7300,      1.00,  0.0000E+00,  0.0000E+00,  0.0000E+00,BBB
Hf-170   , M,7300,      1.00,  1.2606E-10,  2.2159E-10,  2.3316E-10,BBB
Hf-172   , M,7300,      1.00,  2.9365E-08,  1.9433E-08,  2.3734E-08,AAA
Hf-173   , M,7300,      1.00,  6.2610E-11,  1.2759E-10,  1.3654E-10,BBB
Hf-174   , M,7300,      1.00,  2.7073E-05,  1.2356E-05,  4.9255E-06,AAA
Hf-175   , M,7300,      1.00,  6.1712E-10,  1.0185E-09,  1.2473E-09,AAA
Hf-177m  , M,7300,      1.00,  3.5644E-11,  6.9023E-11,  7.2709E-11,BBB
Hf-178m  , M,7300,      1.00,  1.9612E-07,  9.5111E-08,  6.7343E-08,AAA
Hf-179m  , M,7300,      1.00,  9.4889E-10,  3.0239E-09,  3.5017E-09,AAA
Hf-180m  , M,7300,      1.00,  4.8774E-11,  1.0351E-10,  1.0959E-10,BBB
Hf-181   , M,7300,      1.00,  1.2517E-09,  3.9473E-09,  4.7014E-09,AAA
Hf-182   , M,7300,      1.00,  2.6031E-07,  1.1865E-07,  6.4336E-08,AAA
Hf-182m  , M,7300,      1.00,  1.8125E-11,  3.7743E-11,  4.0223E-11,BBB
Hf-183   , M,7300,      1.00,  1.9917E-11,  4.5833E-11,  4.9022E-11,BBB
Hf-184   , M,7300,      1.00,  9.8122E-11,  2.5153E-10,  2.6869E-10,BBB
Hg-190   , M,7300,      1.00,  7.1963E-12,  1.0710E-11,  1.1097E-11,BBB
Hg-191m  , M,7300,      1.00,  1.8388E-11,  3.1899E-11,  3.3433E-11,BBB
Hg-192   , M,7300,      1.00,  6.0650E-11,  9.5816E-11,  9.9727E-11,BBB
Hg-193   , M,7300,      1.00,  3.0679E-11,  5.7219E-11,  6.0208E-11,BBB
Hg-193m  , M,7300,      1.00,  1.0753E-10,  2.0659E-10,  2.1790E-10,BBB
Hg-194   , M,7300,      1.00,  1.1707E-08,  8.0809E-09,  2.3738E-08,BBA
Hg-195   , M,7300,      1.00,  2.1837E-11,  5.7952E-11,  6.3175E-11,BBB
Hg-195m  , M,7300,      1.00,  1.1377E-10,  3.9185E-10,  4.3410E-10,BAA
Hg-197   , M,7300,      1.00,  5.0355E-11,  2.3782E-10,  2.6319E-10,BAA
Hg-197m  , M,7300,      1.00,  9.4735E-11,  4.0027E-10,  4.4070E-10,BAA
Hg-199m  , M,7300,      1.00,  1.1422E-11,  2.3988E-11,  2.5373E-11,BBB
Hg-203   , M,7300,      1.00,  4.0841E-10,  1.8799E-09,  2.3181E-09,BAA
Hg-205   , M,7300,      1.00,  0.0000E+00,  0.0000E+00,  0.0000E+00,BBB
Hg-206   , M,7300,      1.00,  0.0000E+00,  0.0000E+00,  0.0000E+00,BBB
Hg-207   , M,7300,      1.00,  0.0000E+00,  0.0000E+00,  0.0000E+00,BBB
Ho-150   , M,7300,      1.00,  0.0000E+00,  0.0000E+00,  0.0000E+00,BBB
Ho-153   , M,7300,      1.00,  0.0000E+00,  0.0000E+00,  0.0000E+00,BBB
Ho-153m  , M,7300,      1.00,  0.0000E+00,  0.0000E+00,  0.0000E+00,BBB
Ho-154   , M,7300,      1.00,  8.5051E-12,  1.2005E-11,  1.2389E-11,BBB
Ho-154m  , M,7300,      1.00,  0.0000E+00,  0.0000E+00,  0.0000E+00,BBB
Ho-155   , M,7300,      1.00,  1.1130E-11,  1.8442E-11,  1.9280E-11,BBB
Ho-156   , M,7300,      1.00,  2.5402E-11,  4.2474E-11,  4.4356E-11,BBB
Ho-157   , M,7300,      1.00,  2.7249E-12,  3.7793E-12,  3.8954E-12,BBB
Ho-159   , M,7300,      1.00,  3.1545E-12,  5.0233E-12,  5.2366E-12,BBB
Ho-160   , M,7300,      1.00,  7.4269E-12,  1.0451E-11,  1.0784E-11,BBB
Ho-161   , M,7300,      1.00,  3.1923E-12,  5.5607E-12,  5.8228E-12,BBB
Ho-162   , M,7300,      1.00,  1.3395E-12,  2.1428E-12,  2.2312E-12,BBB
Ho-162m  , M,7300,      1.00,  8.4501E-12,  1.5647E-11,  1.6442E-11,BBB
Ho-163   , M,7300,      1.00,  2.3449E-10,  1.0628E-10,  5.0885E-11,AAA
Ho-164   , M,7300,      1.00,  3.2338E-12,  6.3670E-12,  6.7122E-12,BBB
Ho-164m  , M,7300,      1.00,  3.3142E-12,  9.0112E-12,  9.6393E-12,BBB
Ho-166   , M,7300,      1.00,  2.2768E-10,  5.3455E-10,  5.7420E-10,BAA
Ho-166m  , M,7300,      1.00,  2.4932E-07,  1.1568E-07,  5.7324E-08,BBA
Ho-167   , M,7300,      1.00,  2.3155E-11,  5.6206E-11,  5.9862E-11,BBB
Ho-168   , M,7300,      1.00,  0.0000E+00,  0.0000E+00,  0.0000E+00,BBB
Ho-168m  , M,7300,      1.00,  0.0000E+00,  0.0000E+00,  0.0000E+00,BBB
Ho-170   , M,7300,      1.00,  0.0000E+00,  0.0000E+00,  0.0000E+00,BBB
I-118    , F,7300,      1.00,  4.3989E-11,  2.7754E-11,  2.4119E-11,ABB
I-118m   , F,7300,      1.00,  0.0000E+00,  0.0000E+00,  0.0000E+00,BBB
I-119    , F,7300,      1.00,  1.2238E-11,  1.2708E-11,  1.2698E-11,BBB
I-120    , F,7300,      1.00,  7.2382E-11,  7.6441E-11,  7.5265E-11,ABB
I-120m   , F,7300,      1.00,  4.9702E-11,  5.2977E-11,  5.3416E-11,BBB
I-121    , F,7300,      1.00,  2.1524E-11,  1.9317E-11,  1.7834E-11,ABB
I-122    , F,7300,      1.00,  0.0000E+00,  0.0000E+00,  0.0000E+00,BBB
I-123    , F,7300,      1.00,  6.5376E-11,  5.1496E-11,  4.8046E-11,ABB
I-124    , F,7300,      1.00,  3.8194E-09,  1.0223E-09,  6.6932E-10,AAB
I-125    , F,7300,      1.00,  4.5090E-09,  1.2549E-09,  3.6575E-10,AAA
I-126    , F,7300,      1.00,  8.5460E-09,  2.3339E-09,  1.1976E-09,AAA
I-128    , F,7300,      1.00,  1.0627E-11,  1.4975E-11,  1.5478E-11,BBB
I-129    , F,7300,      1.00,  3.1531E-08,  1.4217E-08,  9.5781E-09,AAA
I-130    , F,7300,      1.00,  5.5268E-10,  3.6067E-10,  3.2557E-10,ABB
I-130m   , F,7300,      1.00,  0.0000E+00,  0.0000E+00,  0.0000E+00,BBB
I-131    , F,7300,      1.00,  6.3395E-09,  1.9874E-09,  1.2522E-09,AAA
I-132    , F,7300,      1.00,  7.9556E-11,  9.1809E-11,  9.0464E-11,ABB
I-132m   , F,7300,      1.00,  5.6615E-11,  7.0900E-11,  7.0661E-11,ABB
I-133    , F,7300,      1.00,  1.2706E-09,  4.5470E-10,  3.8617E-10,AAB
I-134    , F,7300,      1.00,  3.6398E-11,  4.3232E-11,  4.4029E-11,BBB
I-134m   , F,7300,      1.00,  0.0000E+00,  0.0000E+00,  0.0000E+00,BBB
I-135    , F,7300,      1.00,  2.6180E-10,  1.8558E-10,  1.7162E-10,ABB
In-103   , M,7300,      1.00,  0.0000E+00,  0.0000E+00,  0.0000E+00,BBB
In-105   , M,7300,      1.00,  0.0000E+00,  0.0000E+00,  0.0000E+00,BBB
In-106   , M,7300,      1.00,  0.0000E+00,  0.0000E+00,  0.0000E+00,BBB
In-106m  , M,7300,      1.00,  0.0000E+00,  0.0000E+00,  0.0000E+00,BBB
In-107   , M,7300,      1.00,  1.1180E-11,  1.9474E-11,  2.0393E-11,BBB
In-108   , M,7300,      1.00,  2.9073E-11,  3.7712E-11,  3.8665E-11,BBB
In-108m  , M,7300,      1.00,  1.9708E-11,  2.9753E-11,  3.0857E-11,BBB
In-109   , M,7300,      1.00,  2.3060E-11,  3.0782E-11,  3.1740E-11,BBB
In-109m  , M,7300,      1.00,  0.0000E+00,  0.0000E+00,  0.0000E+00,BBB
In-110   , M,7300,      1.00,  9.1045E-11,  1.0930E-10,  1.1132E-10,BBB
In-110m  , M,7300,      1.00,  2.3684E-11,  3.9269E-11,  4.0986E-11,BBB
In-111   , M,7300,      1.00,  1.0754E-10,  1.8862E-10,  1.9900E-10,BBB
In-111m  , M,7300,      1.00,  0.0000E+00,  0.0000E+00,  0.0000E+00,BBB
In-112   , M,7300,      1.00,  3.7942E-12,  6.0045E-12,  6.2477E-12,BBB
In-112m  , M,7300,      1.00,  8.4128E-12,  1.6211E-11,  1.7070E-11,BBB
In-113m  , M,7300,      1.00,  8.0296E-12,  1.5795E-11,  1.6650E-11,BBB
In-114   , M,7300,      1.00,  0.0000E+00,  0.0000E+00,  0.0000E+00,BBB
In-114m  , M,7300,      1.00,  8.3312E-09,  1.0470E-08,  1.2070E-08,BAA
In-115   , M,7300,      1.00,  3.4591E-07,  1.5856E-07,  4.2651E-08,BBA
In-115m  , M,7300,      1.00,  1.9627E-11,  4.5978E-11,  4.8904E-11,BBB
In-116m  , M,7300,      1.00,  2.2819E-11,  3.6256E-11,  3.7736E-11,BBB
In-117   , M,7300,      1.00,  1.1753E-11,  2.2134E-11,  2.3278E-11,BBB
In-117m  , M,7300,      1.00,  2.3813E-11,  5.6098E-11,  5.9669E-11,BBB
In-118   , M,7300,      1.00,  0.0000E+00,  0.0000E+00,  0.0000E+00,BBB
In-118m  , M,7300,      1.00,  0.0000E+00,  0.0000E+00,  0.0000E+00,BBB
In-119   , M,7300,      1.00,  0.0000E+00,  0.0000E+00,  0.0000E+00,BBB
In-119m  , M,7300,      1.00,  8.3946E-12,  1.4208E-11,  1.4847E-11,BBB
In-121   , M,7300,      1.00,  0.0000E+00,  0.0000E+00,  0.0000E+00,BBB
In-121m  , M,7300,      1.00,  0.0000E+00,  0.0000E+00,  0.0000E+00,BBB
Ir-180   , M,7300,      1.00,  0.0000E+00,  0.0000E+00,  0.0000E+00,BBB
Ir-182   , M,7300,      1.00,  1.2565E-11,  1.9892E-11,  2.0711E-11,BBB
Ir-183   , M,7300,      1.00,  1.7783E-11,  2.9897E-11,  3.1465E-11,BBB
Ir-184   , M,7300,      1.00,  5.5502E-11,  9.5546E-11,  9.9974E-11,BBB
Ir-185   , M,7300,      1.00,  8.8755E-11,  1.7278E-10,  1.8423E-10,BBB
Ir-186   , M,7300,      1.00,  1.5509E-10,  2.7053E-10,  2.8366E-10,BBB
Ir-186m  , M,7300,      1.00,  2.4172E-11,  3.8416E-11,  4.0000E-11,BBB
Ir-187   , M,7300,      1.00,  2.9003E-11,  5.6363E-11,  5.9439E-11,BBB
Ir-188   , M,7300,      1.00,  2.5466E-10,  3.8034E-10,  3.9536E-10,BBB
Ir-189   , M,7300,      1.00,  9.3873E-11,  3.7415E-10,  4.2685E-10,BAA
Ir-190   , M,7300,      1.00,  5.9951E-10,  1.0287E-09,  1.1306E-09,BAA
Ir-190m  , M,7300,      1.00,  2.6914E-12,  4.5648E-12,  4.9907E-12,BAA
Ir-190n  , M,7300,      1.00,  3.8658E-11,  6.3311E-11,  6.6083E-11,BBB
Ir-191m  , M,7300,      1.00,  0.0000E+00,  0.0000E+00,  0.0000E+00,BBB
Ir-192   , M,7300,      1.00,  1.5438E-09,  4.4151E-09,  5.6686E-09,AAA
Ir-192m  , M,7300,      1.00,  0.0000E+00,  0.0000E+00,  0.0000E+00,BBB
Ir-192n  , M,7300,      1.00,  6.1085E-09,  1.0835E-08,  5.7506E-08,BAA
Ir-193m  , M,7300,      1.00,  7.4567E-11,  7.7991E-10,  8.9759E-10,AAA
Ir-194   , M,7300,      1.00,  1.7062E-10,  4.3189E-10,  4.6171E-10,AAA
Ir-194m  , M,7300,      1.00,  4.7423E-09,  7.6884E-09,  1.1039E-08,AAA
Ir-195   , M,7300,      1.00,  1.9834E-11,  5.1314E-11,  5.4798E-11,BBB
Ir-195m  , M,7300,      1.00,  3.3254E-11,  9.0239E-11,  9.6845E-11,BBB
Ir-196   , M,7300,      1.00,  0.0000E+00,  0.0000E+00,  0.0000E+00,BBB
Ir-196m  , M,7300,      1.00,  3.9115E-11,  6.8386E-11,  7.1616E-11,BBB
K-38     , M,7300,      1.00,  0.0000E+00,  0.0000E+00,  0.0000E+00,BBB
K-40     , M,7300,      1.00,  1.7758E-09,  1.3087E-08,  8.5400E-08,AAA
K-42     , M,7300,      1.00,  1.0550E-10,  2.9029E-10,  3.1328E-10,BAA
K-43     , M,7300,      1.00,  1.1795E-10,  2.8420E-10,  3.0353E-10,BBB
K-44     , M,7300,      1.00,  1.6656E-11,  2.6268E-11,  2.7324E-11,BBB
K-45     , M,7300,      1.00,  1.1148E-11,  1.7165E-11,  1.7876E-11,BBB
K-46     , M,7300,      1.00,  0.0000E+00,  0.0000E+00,  0.0000E+00,BBB
Kr-74    , M,7300,      1.00,  0.0000E+00,  0.0000E+00,  0.0000E+00,BBB
Kr-75    , M,7300,      1.00,  0.0000E+00,  0.0000E+00,  0.0000E+00,BBB
Kr-76    , M,7300,      1.00,  0.0000E+00,  0.0000E+00,  0.0000E+00,BBB
Kr-77    , M,7300,      1.00,  0.0000E+00,  0.0000E+00,  0.0000E+00,BBB
Kr-79    , M,7300,      1.00,  0.0000E+00,  0.0000E+00,  0.0000E+00,BBB
Kr-81    , M,7300,      1.00,  0.0000E+00,  0.0000E+00,  0.0000E+00,BBB
Kr-81m   , M,7300,      1.00,  0.0000E+00,  0.0000E+00,  0.0000E+00,BBB
Kr-83m   , M,7300,      1.00,  0.0000E+00,  0.0000E+00,  0.0000E+00,BBB
Kr-85    , M,7300,      1.00,  0.0000E+00,  0.0000E+00,  0.0000E+00,BBB
Kr-85m   , M,7300,      1.00,  0.0000E+00,  0.0000E+00,  0.0000E+00,BBB
Kr-87    , M,7300,      1.00,  0.0000E+00,  0.0000E+00,  0.0000E+00,BBB
Kr-88    , M,7300,      1.00,  0.0000E+00,  0.0000E+00,  0.0000E+00,BBB
Kr-89    , M,7300,      1.00,  0.0000E+00,  0.0000E+00,  0.0000E+00,BBB
La-128   , M,7300,      1.00,  0.0000E+00,  0.0000E+00,  0.0000E+00,BBB
La-129   , M,7300,      1.00,  6.4753E-12,  9.6220E-12,  9.9689E-12,BBB
La-130   , M,7300,      1.00,  0.0000E+00,  0.0000E+00,  0.0000E+00,BBB
La-131   , M,7300,      1.00,  1.0325E-11,  1.7997E-11,  1.8931E-11,BBB
La-132   , M,7300,      1.00,  8.7139E-11,  1.4320E-10,  1.4941E-10,BBB
La-132m  , M,7300,      1.00,  9.8465E-12,  1.6152E-11,  1.6848E-11,BBB
La-133   , M,7300,      1.00,  9.5192E-12,  1.3698E-11,  1.3981E-11,BBB
La-134   , M,7300,      1.00,  0.0000E+00,  0.0000E+00,  0.0000E+00,BBB
La-135   , M,7300,      1.00,  8.7798E-12,  1.1899E-11,  1.2250E-11,BBB
La-136   , M,7300,      1.00,  0.0000E+00,  0.0000E+00,  0.0000E+00,BBB
La-137   , M,7300,      1.00,  7.9167E-09,  3.6546E-09,  2.2489E-09,AAA
La-138   , M,7300,      1.00,  1.3796E-07,  6.3278E-08,  3.2306E-08,AAA
La-140   , M,7300,      1.00,  4.7675E-10,  8.8709E-10,  9.3616E-10,BBB
La-141   , M,7300,      1.00,  5.2792E-11,  1.2223E-10,  1.3184E-10,BAA
La-142   , M,7300,      1.00,  3.9713E-11,  6.9648E-11,  7.2951E-11,BBB
La-143   , M,7300,      1.00,  9.8315E-12,  1.7638E-11,  1.8594E-11,BBB
Lu-165   , M,7300,      1.00,  6.6179E-12,  1.0337E-11,  1.0749E-11,BBB
Lu-167   , M,7300,      1.00,  1.6436E-11,  2.8816E-11,  3.0327E-11,BBB
Lu-169   , M,7300,      1.00,  1.9442E-10,  3.3163E-10,  3.5701E-10,BBB
Lu-169m  , M,7300,      1.00,  0.0000E+00,  0.0000E+00,  0.0000E+00,BBB
Lu-170   , M,7300,      1.00,  3.2578E-10,  5.0294E-10,  5.2448E-10,BBB
Lu-171   , M,7300,      1.00,  2.5426E-10,  6.9681E-10,  7.6802E-10,AAA
Lu-171m  , M,7300,      1.00,  0.0000E+00,  0.0000E+00,  0.0000E+00,BBB
Lu-172   , M,7300,      1.00,  5.7699E-10,  1.1326E-09,  1.2382E-09,BAA
Lu-172m  , M,7300,      1.00,  0.0000E+00,  0.0000E+00,  0.0000E+00,BBB
Lu-173   , M,7300,      1.00,  4.0453E-09,  2.8828E-09,  3.2828E-09,AAA
Lu-174   , M,7300,      1.00,  6.3914E-09,  4.0981E-09,  4.1193E-09,AAA
Lu-174m  , M,7300,      1.00,  2.7291E-09,  3.1408E-09,  3.5635E-09,AAA
Lu-176   , M,7300,      1.00,  1.3489E-07,  6.8070E-08,  5.4849E-08,AAA
Lu-176m  , M,7300,      1.00,  3.1946E-11,  8.2529E-11,  8.8149E-11,BBB
Lu-177   , M,7300,      1.00,  1.7128E-10,  8.0658E-10,  9.0243E-10,AAA
Lu-177m  , M,7300,      1.00,  7.5364E-09,  1.0904E-08,  1.3441E-08,AAA
Lu-178   , M,7300,      1.00,  1.0091E-11,  1.8829E-11,  1.9791E-11,BBB
Lu-178m  , M,7300,      1.00,  1.3584E-11,  2.3331E-11,  2.4405E-11,BBB
Lu-179   , M,7300,      1.00,  3.7627E-11,  8.8958E-11,  9.4647E-11,BBB
Lu-180   , M,7300,      1.00,  0.0000E+00,  0.0000E+00,  0.0000E+00,BBB
Lu-181   , M,7300,      1.00,  0.0000E+00,  0.0000E+00,  0.0000E+00,BBB
Mg-27    , M,7300,      1.00,  0.0000E+00,  0.0000E+00,  0.0000E+00,BBB
Mg-28    , M,7300,      1.00,  5.0470E-10,  9.9789E-10,  1.0546E-09,BBB
Mn-50m   , M,7300,      1.00,  0.0000E+00,  0.0000E+00,  0.0000E+00,BBB
Mn-51    , M,7300,      1.00,  1.8474E-11,  3.3533E-11,  3.5192E-11,BBB
Mn-52    , M,7300,      1.00,  8.1065E-10,  1.1644E-09,  1.2176E-09,BBB
Mn-52m   , M,7300,      1.00,  1.5251E-11,  2.3247E-11,  2.4132E-11,BBB
Mn-53    , M,7300,      1.00,  2.4913E-11,  5.3263E-11,  3.4294E-10,AAA
Mn-54    , M,7300,      1.00,  7.5845E-10,  1.5471E-09,  3.2948E-09,BAA
Mn-56    , M,7300,      1.00,  5.3009E-11,  9.9857E-11,  1.0504E-10,BBB
Mn-57    , M,7300,      1.00,  0.0000E+00,  0.0000E+00,  0.0000E+00,BBB
Mn-58m   , M,7300,      1.00,  0.0000E+00,  0.0000E+00,  0.0000E+00,BBB
Mo-101   , M,7300,      1.00,  1.1656E-11,  1.9711E-11,  2.0596E-11,BBB
Mo-102   , M,7300,      1.00,  1.2777E-11,  1.9700E-11,  2.0467E-11,BBB
Mo-89    , M,7300,      1.00,  0.0000E+00,  0.0000E+00,  0.0000E+00,BBB
Mo-90    , M,7300,      1.00,  1.2978E-10,  2.7058E-10,  2.8929E-10,BBB
Mo-91    , M,7300,      1.00,  1.0537E-11,  1.6357E-11,  1.7000E-11,BBB
Mo-91m   , M,7300,      1.00,  0.0000E+00,  0.0000E+00,  0.0000E+00,BBB
Mo-93    , M,7300,      1.00,  8.0125E-10,  5.4297E-10,  2.2680E-09,AAA
Mo-93m   , M,7300,      1.00,  8.5166E-11,  1.3844E-10,  1.4519E-10,BBB
Mo-99    , M,7300,      1.00,  1.8771E-10,  7.1914E-10,  7.9667E-10,BAA
N-13     , M,7300,      1.00,  0.0000E+00,  0.0000E+00,  0.0000E+00,BBB
N-16     , M,7300,      1.00,  0.0000E+00,  0.0000E+00,  0.0000E+00,BBB
Na-22    , M,7300,      1.00,  1.0943E-09,  8.9926E-09,  2.8382E-08,BAA
Na-24    , M,7300,      1.00,  2.3547E-10,  3.9802E-10,  4.1654E-10,BBB
Nb-87    , M,7300,      1.00,  0.0000E+00,  0.0000E+00,  0.0000E+00,BBB
Nb-88    , M,7300,      1.00,  1.7047E-11,  2.4025E-11,  2.4960E-11,BBB
Nb-88m   , M,7300,      1.00,  0.0000E+00,  0.0000E+00,  0.0000E+00,BBB
Nb-89    , M,7300,      1.00,  5.0288E-11,  9.4284E-11,  9.9254E-11,BBB
Nb-89m   , M,7300,      1.00,  3.2242E-11,  5.4853E-11,  5.7392E-11,BBB
Nb-90    , M,7300,      1.00,  3.2080E-10,  5.1805E-10,  5.4031E-10,BBB
Nb-91    , M,7300,      1.00,  9.8330E-11,  2.6244E-10,  1.8715E-09,AAA
Nb-91m   , M,7300,      1.00,  2.2295E-10,  2.5364E-09,  3.1976E-09,AAA
Nb-92    , M,7300,      1.00,  3.9557E-09,  4.9130E-09,  2.7550E-08,AAA
Nb-92m   , M,7300,      1.00,  2.9816E-10,  3.8330E-10,  4.0076E-10,BBB
Nb-93m   , M,7300,      1.00,  2.0327E-10,  4.6866E-10,  1.8539E-09,AAA
Nb-94    , M,7300,      1.00,  5.1475E-09,  9.7866E-09,  4.8325E-08,AAA
Nb-94m   , M,7300,      1.00,  0.0000E+00,  0.0000E+00,  0.0000E+00,BBB
Nb-95    , M,7300,      1.00,  4.9098E-10,  1.2176E-09,  1.4417E-09,BAA
Nb-95m   , M,7300,      1.00,  1.7310E-10,  6.2521E-10,  7.0139E-10,BAA
Nb-96    , M,7300,      1.00,  2.8515E-10,  5.0813E-10,  5.3384E-10,BBB
Nb-97    , M,7300,      1.00,  1.6957E-11,  3.3833E-11,  3.5696E-11,BBB
Nb-98m   , M,7300,      1.00,  2.8512E-11,  4.5862E-11,  4.7775E-11,BBB
Nb-99    , M,7300,      1.00,  0.0000E+00,  0.0000E+00,  0.0000E+00,BBB
Nb-99m   , M,7300,      1.00,  0.0000E+00,  0.0000E+00,  0.0000E+00,BBB
Nd-134   , M,7300,      1.00,  0.0000E+00,  0.0000E+00,  0.0000E+00,BBB
Nd-135   , M,7300,      1.00,  1.3122E-11,  2.0637E-11,  2.1464E-11,BBB
Nd-136   , M,7300,      1.00,  2.4068E-11,  4.1361E-11,  4.3268E-11,BBB
Nd-137   , M,7300,      1.00,  1.3491E-11,  2.1959E-11,  2.2890E-11,BBB
Nd-138   , M,7300,      1.00,  1.0024E-10,  1.9720E-10,  2.0795E-10,BBB
Nd-139   , M,7300,      1.00,  5.2716E-12,  8.4565E-12,  8.8377E-12,BBB
Nd-139m  , M,7300,      1.00,  7.4786E-11,  1.1630E-10,  1.2124E-10,BBB
Nd-140   , M,7300,      1.00,  4.0669E-10,  9.1271E-10,  9.7933E-10,AAA
Nd-141   , M,7300,      1.00,  2.7152E-12,  4.1014E-12,  4.2545E-12,BBB
Nd-141m  , M,7300,      1.00,  0.0000E+00,  0.0000E+00,  0.0000E+00,BBB
Nd-144   , M,7300,      1.00,  1.6854E-05,  7.6547E-06,  3.3965E-06,AAA
Nd-147   , M,7300,      1.00,  5.1469E-10,  1.6846E-09,  1.8906E-09,AAA
Nd-149   , M,7300,      1.00,  2.7180E-11,  6.6813E-11,  7.1354E-11,BBB
Nd-151   , M,7300,      1.00,  7.9575E-12,  1.3158E-11,  1.3746E-11,BBB
Nd-152   , M,7300,      1.00,  1.0818E-11,  1.8042E-11,  1.8838E-11,BBB
Ne-19    , M,7300,      1.00,  0.0000E+00,  0.0000E+00,  0.0000E+00,BBB
Ne-24    , M,7300,      1.00,  0.0000E+00,  0.0000E+00,  0.0000E+00,BBB
Ni-56    , M,7300,      1.00,  4.2112E-10,  8.0585E-10,  9.7635E-10,BBB
Ni-57    , M,7300,      1.00,  2.1859E-10,  4.2410E-10,  4.5446E-10,BBB
Ni-59    , M,7300,      1.00,  1.5956E-10,  1.2789E-10,  4.4851E-10,AAA
Ni-63    , M,7300,      1.00,  3.9073E-10,  4.2894E-10,  1.2418E-09,AAA
Ni-65    , M,7300,      1.00,  3.3642E-11,  6.8001E-11,  7.1965E-11,BBB
Ni-66    , M,7300,      1.00,  3.4772E-10,  1.3754E-09,  1.5177E-09,AAA
Np-232   , M,7300,      1.00,  1.0605E-10,  4.9929E-11,  2.3590E-11,AAA
Np-233   , M,7300,      1.00,  9.9342E-13,  1.4336E-12,  1.4787E-12,BBB
Np-234   , M,7300,      1.00,  2.3669E-10,  3.6605E-10,  3.8367E-10,BBB
Np-235   , M,7300,      1.00,  6.4290E-10,  4.4475E-10,  5.3163E-10,AAA
Np-236   , M,7300,      1.00,  1.0180E-05,  4.5035E-06,  1.4940E-06,AAA
Np-236m  , M,7300,      1.00,  8.1294E-09,  4.8803E-09,  3.7166E-09,AAA
Np-237   , M,7300,      1.00,  4.4079E-05,  2.1595E-05,  1.1058E-05,AAA
Np-238   , M,7300,      1.00,  3.0695E-09,  1.9196E-09,  1.3056E-09,AAA
Np-239   , M,7300,      1.00,  1.4873E-10,  7.1437E-10,  7.8297E-10,AAA
Np-240   , M,7300,      1.00,  2.6330E-11,  5.2773E-11,  5.5547E-11,BBB
Np-240m  , M,7300,      1.00,  0.0000E+00,  0.0000E+00,  0.0000E+00,BBB
Np-241   , M,7300,      1.00,  6.8421E-12,  9.4475E-12,  9.4025E-12,BBB
Np-242   , M,7300,      1.00,  0.0000E+00,  0.0000E+00,  0.0000E+00,BBB
Np-242m  , M,7300,      1.00,  0.0000E+00,  0.0000E+00,  0.0000E+00,BBB
O-14     , M,7300,      1.00,  0.0000E+00,  0.0000E+00,  0.0000E+00,BBB
O-15     , M,7300,      1.00,  0.0000E+00,  0.0000E+00,  0.0000E+00,BBB
O-19     , M,7300,      1.00,  0.0000E+00,  0.0000E+00,  0.0000E+00,BBB
Os-180   , M,7300,      1.00,  6.9059E-12,  1.1233E-11,  1.1710E-11,BBB
Os-181   , M,7300,      1.00,  2.8510E-11,  4.7935E-11,  5.0160E-11,BBB
Os-182   , M,7300,      1.00,  1.5218E-10,  2.9912E-10,  3.1643E-10,BBB
Os-183   , M,7300,      1.00,  6.3504E-11,  1.3514E-10,  1.4622E-10,BBB
Os-183m  , M,7300,      1.00,  6.6491E-11,  1.1085E-10,  1.1812E-10,BBB
Os-185   , M,7300,      1.00,  9.2410E-10,  1.1754E-09,  1.5019E-09,AAA
Os-186   , M,7300,      1.00,  6.4179E-07,  1.0272E-06,  4.0094E-06,BAA
Os-189m  , M,7300,      1.00,  2.0397E-12,  3.8069E-12,  4.0033E-12,AAA
Os-190m  , M,7300,      1.00,  0.0000E+00,  0.0000E+00,  0.0000E+00,BBB
Os-191   , M,7300,      1.00,  2.1938E-10,  1.2854E-09,  1.4887E-09,BAA
Os-191m  , M,7300,      1.00,  2.0633E-11,  1.0668E-10,  1.1973E-10,BAA
Os-193   , M,7300,      1.00,  1.1267E-10,  3.9214E-10,  4.2502E-10,AAA
Os-194   , M,7300,      1.00,  9.7094E-09,  2.0851E-08,  8.6213E-08,BAA
Os-196   , M,7300,      1.00,  2.1593E-11,  4.2441E-11,  4.4736E-11,BBB
P-30     , M,7300,      1.00,  0.0000E+00,  0.0000E+00,  0.0000E+00,BBB
P-32     , M,7300,      1.00,  6.6738E-10,  2.9653E-09,  3.4225E-09,AAA
P-33     , M,7300,      1.00,  7.8783E-11,  1.1225E-09,  1.3503E-09,BAA
Pa-227   , M,7300,      1.00,  1.6234E-08,  5.1557E-08,  5.5644E-08,BBB
Pa-228   , M,7300,      1.00,  3.4526E-08,  4.7347E-08,  5.7454E-08,AAA
Pa-229   , M,7300,      1.00,  7.9423E-10,  4.5954E-09,  5.2252E-09,AAA
Pa-230   , M,7300,      1.00,  4.9361E-08,  3.9598E-07,  5.0522E-07,AAA
Pa-231   , M,7300,      1.00,  2.0354E-04,  9.1173E-05,  2.8292E-05,AAA
Pa-232   , M,7300,      1.00,  1.0095E-09,  7.6454E-10,  2.2569E-09,AAA
Pa-233   , M,7300,      1.00,  9.9340E-10,  2.7989E-09,  3.2252E-09,AAA
Pa-234   , M,7300,      1.00,  1.0782E-10,  2.4612E-10,  2.6161E-10,BBB
Pa-234m  , M,7300,      1.00,  0.0000E+00,  0.0000E+00,  0.0000E+00,BBB
Pa-235   , M,7300,      1.00,  6.7402E-12,  1.2536E-11,  1.3177E-11,BBB
Pa-236   , M,7300,      1.00,  0.0000E+00,  0.0000E+00,  0.0000E+00,BBB
Pa-237   , M,7300,      1.00,  0.0000E+00,  0.0000E+00,  0.0000E+00,BBB
Pb-194   , M,7300,      1.00,  6.5279E-12,  1.0177E-11,  1.0581E-11,BBB
Pb-195m  , M,7300,      1.00,  1.1400E-11,  1.7339E-11,  1.8028E-11,BBB
Pb-196   , M,7300,      1.00,  1.2905E-11,  1.9431E-11,  2.0159E-11,BBB
Pb-197   , M,7300,      1.00,  0.0000E+00,  0.0000E+00,  0.0000E+00,BBB
Pb-197m  , M,7300,      1.00,  1.9262E-11,  3.4895E-11,  3.6677E-11,BBB
Pb-198   , M,7300,      1.00,  3.4575E-11,  4.9864E-11,  5.1777E-11,BBB
Pb-199   , M,7300,      1.00,  1.5131E-11,  2.3353E-11,  2.4334E-11,BBB
Pb-200   , M,7300,      1.00,  1.1845E-10,  2.5600E-10,  2.7452E-10,BBB
Pb-201   , M,7300,      1.00,  5.0620E-11,  8.9769E-11,  9.5543E-11,BBB
Pb-201m  , M,7300,      1.00,  0.0000E+00,  0.0000E+00,  0.0000E+00,BBB
Pb-202   , M,7300,      1.00,  1.7866E-08,  1.6420E-08,  4.8451E-08,AAA
Pb-202m  , M,7300,      1.00,  5.2282E-11,  7.9411E-11,  8.3015E-11,BBB
Pb-203   , M,7300,      1.00,  7.3012E-11,  1.6354E-10,  1.7652E-10,BBB
Pb-204m  , M,7300,      1.00,  1.7895E-11,  2.3316E-11,  2.3965E-11,BBB
Pb-205   , M,7300,      1.00,  2.8606E-10,  2.3208E-10,  8.3996E-10,AAA
Pb-209   , M,7300,      1.00,  1.3886E-11,  4.2290E-11,  4.5629E-11,BBB
Pb-210   , M,7300,      1.00,  7.9788E-07,  9.9943E-07,  5.5967E-06,AAA
Pb-211   , M,7300,      1.00,  2.8577E-09,  9.2518E-09,  9.9538E-09,BBB
Pb-212   , M,7300,      1.00,  1.5257E-08,  1.2140E-07,  1.3426E-07,BAA
Pb-214   , M,7300,      1.00,  2.2383E-09,  9.5739E-09,  1.0393E-08,BBB
Pd-100   , M,7300,      1.00,  4.0316E-10,  6.4931E-10,  6.8359E-10,BBB
Pd-101   , M,7300,      1.00,  3.3097E-11,  4.8091E-11,  4.9999E-11,BBB
Pd-103   , M,7300,      1.00,  7.6586E-11,  2.9072E-10,  3.3715E-10,BAA
Pd-107   , M,7300,      1.00,  2.2955E-11,  8.6285E-11,  6.1653E-10,BAA
Pd-109   , M,7300,      1.00,  9.7403E-11,  2.6749E-10,  2.8889E-10,BAA
Pd-109m  , M,7300,      1.00,  0.0000E+00,  0.0000E+00,  0.0000E+00,BBB
Pd-111   , M,7300,      1.00,  1.0022E-11,  2.0015E-11,  2.1213E-11,BBB
Pd-112   , M,7300,      1.00,  3.7871E-10,  8.5056E-10,  9.0497E-10,AAA
Pd-114   , M,7300,      1.00,  0.0000E+00,  0.0000E+00,  0.0000E+00,BBB
Pd-96    , M,7300,      1.00,  0.0000E+00,  0.0000E+00,  0.0000E+00,BBB
Pd-97    , M,7300,      1.00,  0.0000E+00,  0.0000E+00,  0.0000E+00,BBB
Pd-98    , M,7300,      1.00,  1.2944E-11,  2.1745E-11,  2.2713E-11,BBB
Pd-99    , M,7300,      1.00,  9.9630E-12,  1.4814E-11,  1.5349E-11,BBB
Pm-136   , M,7300,      1.00,  0.0000E+00,  0.0000E+00,  0.0000E+00,BBB
Pm-137m  , M,7300,      1.00,  0.0000E+00,  0.0000E+00,  0.0000E+00,BBB
Pm-139   , M,7300,      1.00,  0.0000E+00,  0.0000E+00,  0.0000E+00,BBB
Pm-140   , M,7300,      1.00,  0.0000E+00,  0.0000E+00,  0.0000E+00,BBB
Pm-140m  , M,7300,      1.00,  0.0000E+00,  0.0000E+00,  0.0000E+00,BBB
Pm-141   , M,7300,      1.00,  7.1720E-12,  1.1313E-11,  1.1770E-11,BBB
Pm-142   , M,7300,      1.00,  0.0000E+00,  0.0000E+00,  0.0000E+00,BBB
Pm-143   , M,7300,      1.00,  2.5526E-09,  1.4667E-09,  1.4519E-09,AAA
Pm-144   , M,7300,      1.00,  1.5145E-08,  8.1884E-09,  7.7041E-09,AAA
Pm-145   , M,7300,      1.00,  7.1195E-09,  3.4076E-09,  2.2526E-09,AAA
Pm-146   , M,7300,      1.00,  3.8964E-08,  1.9844E-08,  1.7111E-08,AAA
Pm-147   , M,7300,      1.00,  6.1779E-09,  4.3648E-09,  4.2262E-09,AAA
Pm-148   , M,7300,      1.00,  6.8125E-10,  1.7195E-09,  1.8709E-09,AAA
Pm-148m  , M,7300,      1.00,  3.3587E-09,  4.4119E-09,  4.8988E-09,AAA
Pm-149   , M,7300,      1.00,  1.6194E-10,  5.3236E-10,  5.7816E-10,AAA
Pm-150   , M,7300,      1.00,  5.3962E-11,  1.0084E-10,  1.0602E-10,BBB
Pm-151   , M,7300,      1.00,  1.4076E-10,  3.4118E-10,  3.6811E-10,BAA
Pm-152   , M,7300,      1.00,  0.0000E+00,  0.0000E+00,  0.0000E+00,BBB
Pm-152m  , M,7300,      1.00,  0.0000E+00,  0.0000E+00,  0.0000E+00,BBB
Pm-153   , M,7300,      1.00,  0.0000E+00,  0.0000E+00,  0.0000E+00,BBB
Pm-154   , M,7300,      1.00,  0.0000E+00,  0.0000E+00,  0.0000E+00,BBB
Pm-154m  , M,7300,      1.00,  0.0000E+00,  0.0000E+00,  0.0000E+00,BBB
Po-203   , M,7300,      1.00,  2.0774E-11,  3.4239E-11,  3.5941E-11,BBB
Po-204   , M,7300,      1.00,  1.0777E-10,  3.0779E-10,  3.3185E-10,BBB
Po-205   , M,7300,      1.00,  2.3773E-11,  3.5258E-11,  3.6624E-11,BBB
Po-206   , M,7300,      1.00,  7.2665E-09,  4.1464E-08,  4.6935E-08,BAA
Po-207   , M,7300,      1.00,  4.7933E-11,  7.0418E-11,  7.4361E-11,BBB
Po-208   , M,7300,      1.00,  6.7415E-07,  2.9108E-06,  5.7252E-06,BAA
Po-209   , M,7300,      1.00,  6.6950E-07,  2.8261E-06,  8.5392E-06,BAA
Po-210   , M,7300,      1.00,  5.3757E-07,  2.4690E-06,  3.2724E-06,BAA
Po-211   , M,7300,      1.00,  0.0000E+00,  0.0000E+00,  0.0000E+00,BBB
Po-212   , M,7300,      1.00,  0.0000E+00,  0.0000E+00,  0.0000E+00,BBB
Po-212m  , M,7300,      1.00,  0.0000E+00,  0.0000E+00,  0.0000E+00,BBB
Po-213   , M,7300,      1.00,  0.0000E+00,  0.0000E+00,  0.0000E+00,BBB
Po-214   , M,7300,      1.00,  0.0000E+00,  0.0000E+00,  0.0000E+00,BBB
Po-215   , M,7300,      1.00,  0.0000E+00,  0.0000E+00,  0.0000E+00,BBB
Po-216   , M,7300,      1.00,  0.0000E+00,  0.0000E+00,  0.0000E+00,BBB
Po-218   , M,7300,      1.00,  0.0000E+00,  0.0000E+00,  0.0000E+00,BBB
Pr-134   , M,7300,      1.00,  1.1626E-11,  1.6780E-11,  1.7378E-11,BBB
Pr-134m  , M,7300,      1.00,  1.6220E-11,  2.5526E-11,  2.6597E-11,BBB
Pr-135   , M,7300,      1.00,  1.0138E-11,  1.5895E-11,  1.6530E-11,BBB
Pr-136   , M,7300,      1.00,  7.9853E-12,  1.1068E-11,  1.1408E-11,BBB
Pr-137   , M,7300,      1.00,  8.6299E-12,  1.4816E-11,  1.5497E-11,BBB
Pr-138   , M,7300,      1.00,  0.0000E+00,  0.0000E+00,  0.0000E+00,BBB
Pr-138m  , M,7300,      1.00,  4.2135E-11,  5.9539E-11,  6.1459E-11,BBB
Pr-139   , M,7300,      1.00,  9.6350E-12,  1.5496E-11,  1.6428E-11,BBB
Pr-140   , M,7300,      1.00,  0.0000E+00,  0.0000E+00,  0.0000E+00,BBB
Pr-142   , M,7300,      1.00,  1.7257E-10,  4.2667E-10,  4.5570E-10,AAA
Pr-142m  , M,7300,      1.00,  2.1880E-12,  5.4338E-12,  5.8047E-12,AAA
Pr-143   , M,7300,      1.00,  5.0725E-10,  1.7554E-09,  1.9920E-09,AAA
Pr-144   , M,7300,      1.00,  8.4885E-12,  1.4259E-11,  1.4892E-11,BBB
Pr-144m  , M,7300,      1.00,  0.0000E+00,  0.0000E+00,  0.0000E+00,BBB
Pr-145   , M,7300,      1.00,  5.6107E-11,  1.2645E-10,  1.3514E-10,BAA
Pr-146   , M,7300,      1.00,  1.3959E-11,  2.3401E-11,  2.4439E-11,BBB
Pr-147   , M,7300,      1.00,  8.2508E-12,  1.3641E-11,  1.4303E-11,BBB
Pr-148   , M,7300,      1.00,  0.0000E+00,  0.0000E+00,  0.0000E+00,BBB
Pr-148m  , M,7300,      1.00,  0.0000E+00,  0.0000E+00,  0.0000E+00,BBB
Pt-184   , M,7300,      1.00,  1.1300E-11,  1.9228E-11,  2.0102E-11,BBB
Pt-186   , M,7300,      1.00,  3.3866E-11,  5.4348E-11,  5.6637E-11,BBB
Pt-187   , M,7300,      1.00,  2.5175E-11,  5.1458E-11,  5.4370E-11,BBB
Pt-188   , M,7300,      1.00,  4.2609E-10,  1.4740E-09,  1.6729E-09,BAA
Pt-189   , M,7300,      1.00,  5.1454E-11,  1.2637E-10,  1.3556E-10,BBB
Pt-190   , M,7300,      1.00,  9.5639E-08,  1.1409E-06,  4.8737E-06,BAA
Pt-191   , M,7300,      1.00,  9.5326E-11,  2.5223E-10,  2.7578E-10,BAA
Pt-193   , M,7300,      1.00,  2.0477E-11,  9.4755E-11,  6.8230E-10,BAA
Pt-193m  , M,7300,      1.00,  1.0385E-10,  6.5016E-10,  7.2827E-10,BAA
Pt-195m  , M,7300,      1.00,  1.4862E-10,  7.7710E-10,  8.6667E-10,BAA
Pt-197   , M,7300,      1.00,  7.4363E-11,  2.5738E-10,  2.8038E-10,BAA
Pt-197m  , M,7300,      1.00,  1.9224E-11,  5.5906E-11,  6.0028E-11,BBB
Pt-199   , M,7300,      1.00,  9.8529E-12,  2.1235E-11,  2.2551E-11,BBB
Pt-200   , M,7300,      1.00,  1.7828E-10,  4.4220E-10,  4.7533E-10,BAA
Pt-202   , M,7300,      1.00,  6.3608E-10,  1.7155E-09,  1.8457E-09,AAA
Pu-232   , M,7300,      1.00,  4.7492E-09,  1.5729E-08,  1.6830E-08,BBB
Pu-234   , M,7300,      1.00,  2.6359E-09,  1.4980E-08,  1.7139E-08,AAA
Pu-235   , M,7300,      1.00,  8.7748E-13,  1.2193E-12,  1.2588E-12,BBB
Pu-236   , M,7300,      1.00,  3.6112E-05,  1.8602E-05,  9.3274E-06,AAA
Pu-237   , M,7300,      1.00,  2.4468E-10,  2.9867E-10,  3.2577E-10,AAA
Pu-238   , M,7300,      1.00,  9.5769E-05,  4.4494E-05,  1.5061E-05,AAA
Pu-239   , M,7300,      1.00,  1.0561E-04,  4.8485E-05,  1.5158E-05,AAA
Pu-240   , M,7300,      1.00,  1.0560E-04,  4.8495E-05,  1.5172E-05,AAA
Pu-241   , M,7300,      1.00,  2.0220E-06,  8.8387E-07,  1.7759E-07,AAA
Pu-242   , M,7300,      1.00,  1.0043E-04,  4.6018E-05,  1.4236E-05,AAA
Pu-243   , M,7300,      1.00,  1.9185E-11,  6.2907E-11,  6.4882E-11,ABB
Pu-244   , M,7300,      1.00,  9.9015E-05,  4.5233E-05,  1.3832E-05,AAA
Pu-245   , M,7300,      1.00,  1.2973E-10,  3.0427E-10,  3.2382E-10,BAA
Pu-246   , M,7300,      1.00,  1.9819E-09,  3.6517E-09,  3.8002E-09,AAA
Ra-219   , M,7300,      1.00,  0.0000E+00,  0.0000E+00,  0.0000E+00,BBB
Ra-220   , M,7300,      1.00,  0.0000E+00,  0.0000E+00,  0.0000E+00,BBB
Ra-221   , M,7300,      1.00,  0.0000E+00,  0.0000E+00,  0.0000E+00,BBB
Ra-222   , M,7300,      1.00,  0.0000E+00,  0.0000E+00,  0.0000E+00,BBB
Ra-223   , M,7300,      1.00,  1.0691E-07,  5.3970E-06,  6.2985E-06,AAA
Ra-224   , M,7300,      1.00,  6.4896E-08,  2.1411E-06,  2.4198E-06,AAA
Ra-225   , M,7300,      1.00,  1.1318E-07,  4.6558E-06,  5.7425E-06,AAA
Ra-226   , M,7300,      1.00,  3.1473E-07,  2.6766E-06,  8.6297E-06,AAA
Ra-227   , M,7300,      1.00,  4.0689E-10,  2.5736E-10,  2.0881E-10,AAA
Ra-228   , M,7300,      1.00,  7.9660E-07,  2.5111E-06,  1.6208E-05,AAA
Ra-230   , M,7300,      1.00,  5.0507E-11,  8.6355E-11,  9.0267E-11,BBB
Rb-77    , M,7300,      1.00,  0.0000E+00,  0.0000E+00,  0.0000E+00,BBB
Rb-78    , M,7300,      1.00,  1.6227E-11,  2.3395E-11,  2.4185E-11,BBB
Rb-78m   , M,7300,      1.00,  0.0000E+00,  0.0000E+00,  0.0000E+00,BBB
Rb-79    , M,7300,      1.00,  1.3718E-11,  2.2075E-11,  2.2993E-11,BBB
Rb-80    , M,7300,      1.00,  0.0000E+00,  0.0000E+00,  0.0000E+00,BBB
Rb-81    , M,7300,      1.00,  2.7218E-11,  5.3644E-11,  5.6576E-11,BBB
Rb-81m   , M,7300,      1.00,  5.5670E-12,  1.1886E-11,  1.2585E-11,BBB
Rb-82    , M,7300,      1.00,  0.0000E+00,  0.0000E+00,  0.0000E+00,BBB
Rb-82m   , M,7300,      1.00,  9.6284E-11,  1.2088E-10,  1.2362E-10,BBB
Rb-83    , M,7300,      1.00,  5.6494E-10,  9.8827E-10,  1.2822E-09,BAA
Rb-84    , M,7300,      1.00,  8.9387E-10,  2.1662E-09,  2.5634E-09,BAA
Rb-84m   , M,7300,      1.00,  3.7828E-12,  6.4136E-12,  6.8107E-12,BBB
Rb-86    , M,7300,      1.00,  8.0106E-10,  3.5530E-09,  4.1655E-09,AAA
Rb-86m   , M,7300,      1.00,  0.0000E+00,  0.0000E+00,  0.0000E+00,BBB
Rb-87    , M,7300,      1.00,  4.4175E-10,  3.9639E-09,  1.4828E-08,AAA
Rb-88    , M,7300,      1.00,  1.3393E-11,  2.2054E-11,  2.3010E-11,BBB
Rb-89    , M,7300,      1.00,  1.1121E-11,  1.7215E-11,  1.8144E-11,BBB
Rb-90    , M,7300,      1.00,  0.0000E+00,  0.0000E+00,  0.0000E+00,BBB
Rb-90m   , M,7300,      1.00,  0.0000E+00,  0.0000E+00,  0.0000E+00,BBB
Re-178   , M,7300,      1.00,  9.1464E-12,  1.2367E-11,  1.2739E-11,BBB
Re-179   , M,7300,      1.00,  6.0103E-12,  8.4180E-12,  8.6893E-12,BBB
Re-180   , M,7300,      1.00,  0.0000E+00,  0.0000E+00,  0.0000E+00,BBB
Re-181   , M,7300,      1.00,  1.5893E-10,  2.0363E-10,  2.0934E-10,BBB
Re-182   , M,7300,      1.00,  5.4076E-10,  1.0386E-09,  9.7029E-10,BBA
Re-182m  , M,7300,      1.00,  1.2322E-10,  1.6573E-10,  1.7056E-10,BBB
Re-183   , M,7300,      1.00,  2.9842E-10,  2.1840E-09,  2.8064E-09,AAA
Re-184   , M,7300,      1.00,  3.7990E-10,  1.5742E-09,  1.9345E-09,BAA
Re-184m  , M,7300,      1.00,  5.1028E-10,  5.3357E-09,  8.6932E-09,BAA
Re-186   , M,7300,      1.00,  4.2983E-10,  8.4912E-10,  9.0565E-10,AAA
Re-186m  , M,7300,      1.00,  7.1569E-10,  1.0573E-08,  6.0100E-08,AAA
Re-187   , M,7300,      1.00,  1.4915E-12,  5.7722E-12,  3.9916E-11,AAA
Re-188   , M,7300,      1.00,  3.9578E-10,  4.4035E-10,  4.4546E-10,AAA
Re-188m  , M,7300,      1.00,  8.6207E-12,  1.1727E-11,  1.1969E-11,ABB
Re-189   , M,7300,      1.00,  2.1750E-10,  3.2207E-10,  3.3431E-10,AAA
Re-190   , M,7300,      1.00,  0.0000E+00,  0.0000E+00,  0.0000E+00,BBB
Re-190m  , M,7300,      1.00,  1.3195E-10,  1.5740E-10,  1.6023E-10,BBB
Rh-100   , M,7300,      1.00,  2.1876E-10,  2.7934E-10,  2.8621E-10,BBB
Rh-100m  , M,7300,      1.00,  0.0000E+00,  0.0000E+00,  0.0000E+00,BBB
Rh-101   , M,7300,      1.00,  1.2458E-09,  1.9555E-09,  4.9572E-09,BAA
Rh-101m  , M,7300,      1.00,  7.9105E-11,  1.5689E-10,  1.6829E-10,BBB
Rh-102   , M,7300,      1.00,  1.2939E-09,  3.9094E-09,  6.9698E-09,BAA
Rh-102m  , M,7300,      1.00,  7.2122E-09,  7.3849E-09,  2.0062E-08,BAA
Rh-103m  , M,7300,      1.00,  6.4521E-13,  1.7703E-12,  1.9020E-12,BAA
Rh-104   , M,7300,      1.00,  0.0000E+00,  0.0000E+00,  0.0000E+00,BBB
Rh-104m  , M,7300,      1.00,  0.0000E+00,  0.0000E+00,  0.0000E+00,BBB
Rh-105   , M,7300,      1.00,  6.7550E-11,  2.4352E-10,  2.6639E-10,BAA
Rh-106   , M,7300,      1.00,  0.0000E+00,  0.0000E+00,  0.0000E+00,BBB
Rh-106m  , M,7300,      1.00,  5.3625E-11,  8.5295E-11,  8.8792E-11,BBB
Rh-107   , M,7300,      1.00,  7.1438E-12,  1.2382E-11,  1.2960E-11,BBB
Rh-108   , M,7300,      1.00,  0.0000E+00,  0.0000E+00,  0.0000E+00,BBB
Rh-109   , M,7300,      1.00,  0.0000E+00,  0.0000E+00,  0.0000E+00,BBB
Rh-94    , M,7300,      1.00,  0.0000E+00,  0.0000E+00,  0.0000E+00,BBB
Rh-95    , M,7300,      1.00,  0.0000E+00,  0.0000E+00,  0.0000E+00,BBB
Rh-95m   , M,7300,      1.00,  0.0000E+00,  0.0000E+00,  0.0000E+00,BBB
Rh-96    , M,7300,      1.00,  0.0000E+00,  0.0000E+00,  0.0000E+00,BBB
Rh-96m   , M,7300,      1.00,  0.0000E+00,  0.0000E+00,  0.0000E+00,BBB
Rh-97    , M,7300,      1.00,  1.1854E-11,  1.8504E-11,  1.9244E-11,BBB
Rh-97m   , M,7300,      1.00,  1.5397E-11,  2.1674E-11,  2.2372E-11,BBB
Rh-98    , M,7300,      1.00,  0.0000E+00,  0.0000E+00,  0.0000E+00,BBB
Rh-99    , M,7300,      1.00,  2.8413E-10,  8.8432E-10,  1.0149E-09,BAA
Rh-99m   , M,7300,      1.00,  2.2980E-11,  3.2022E-11,  3.3024E-11,BBB
Rn-207   , M,7300,      1.00,  0.0000E+00,  0.0000E+00,  0.0000E+00,BBB
Rn-209   , M,7300,      1.00,  0.0000E+00,  0.0000E+00,  0.0000E+00,BBB
Rn-210   , M,7300,      1.00,  0.0000E+00,  0.0000E+00,  0.0000E+00,BBB
Rn-211   , M,7300,      1.00,  0.0000E+00,  0.0000E+00,  0.0000E+00,BBB
Rn-212   , M,7300,      1.00,  0.0000E+00,  0.0000E+00,  0.0000E+00,BBB
Rn-215   , M,7300,      1.00,  0.0000E+00,  0.0000E+00,  0.0000E+00,BBB
Rn-216   , M,7300,      1.00,  0.0000E+00,  0.0000E+00,  0.0000E+00,BBB
Rn-217   , M,7300,      1.00,  0.0000E+00,  0.0000E+00,  0.0000E+00,BBB
Rn-218   , M,7300,      1.00,  0.0000E+00,  0.0000E+00,  0.0000E+00,BBB
Rn-219   , M,7300,      1.00,  0.0000E+00,  0.0000E+00,  0.0000E+00,BBB
Rn-220   , M,7300,      1.00,  0.0000E+00,  0.0000E+00,  0.0000E+00,BBB
Rn-222   , M,7300,      1.00,  0.0000E+00,  0.0000E+00,  0.0000E+00,BBB
Rn-223   , M,7300,      1.00,  0.0000E+00,  0.0000E+00,  0.0000E+00,BBB
Ru-103   , M,7300,      1.00,  4.1399E-10,  1.8604E-09,  2.2600E-09,BAA
Ru-105   , M,7300,      1.00,  5.7813E-11,  1.4536E-10,  1.5603E-10,BBB
Ru-106   , M,7300,      1.00,  7.0284E-09,  2.7424E-08,  6.6937E-08,AAA
Ru-107   , M,7300,      1.00,  0.0000E+00,  0.0000E+00,  0.0000E+00,BBB
Ru-108   , M,7300,      1.00,  0.0000E+00,  0.0000E+00,  0.0000E+00,BBB
Ru-92    , M,7300,      1.00,  0.0000E+00,  0.0000E+00,  0.0000E+00,BBB
Ru-94    , M,7300,      1.00,  2.1318E-11,  3.5593E-11,  3.7229E-11,BBB
Ru-95    , M,7300,      1.00,  2.1628E-11,  2.9049E-11,  2.9974E-11,BBB
Ru-97    , M,7300,      1.00,  5.2922E-11,  8.6731E-11,  9.1463E-11,BBB
S-35     , M,7300,      1.00,  4.3657E-11,  1.0795E-09,  1.4239E-09,BAA
S-37     , M,7300,      1.00,  0.0000E+00,  0.0000E+00,  0.0000E+00,BBB
S-38     , M,7300,      1.00,  1.1327E-10,  2.2765E-10,  2.4093E-10,BBB
Sb-111   , M,7300,      1.00,  0.0000E+00,  0.0000E+00,  0.0000E+00,BBB
Sb-113   , M,7300,      1.00,  0.0000E+00,  0.0000E+00,  0.0000E+00,BBB
Sb-114   , M,7300,      1.00,  0.0000E+00,  0.0000E+00,  0.0000E+00,BBB
Sb-115   , M,7300,      1.00,  6.9526E-12,  1.0591E-11,  1.0992E-11,BBB
Sb-116   , M,7300,      1.00,  8.3089E-12,  1.1516E-11,  1.1869E-11,BBB
Sb-116m  , M,7300,      1.00,  2.5911E-11,  3.6645E-11,  3.7823E-11,BBB
Sb-117   , M,7300,      1.00,  7.2544E-12,  1.3179E-11,  1.3831E-11,BBB
Sb-118   , M,7300,      1.00,  0.0000E+00,  0.0000E+00,  0.0000E+00,BBB
Sb-118m  , M,7300,      1.00,  7.9085E-11,  9.9725E-11,  1.0195E-10,BBB
Sb-119   , M,7300,      1.00,  2.0506E-11,  3.0302E-11,  3.1402E-11,BBB
Sb-120   , M,7300,      1.00,  3.7170E-12,  5.6377E-12,  5.8493E-12,BBB
Sb-120m  , M,7300,      1.00,  4.7297E-10,  8.6859E-10,  9.2642E-10,BBB
Sb-122   , M,7300,      1.00,  2.6353E-10,  8.6546E-10,  9.4071E-10,AAA
Sb-122m  , M,7300,      1.00,  0.0000E+00,  0.0000E+00,  0.0000E+00,BBB
Sb-124   , M,7300,      1.00,  1.1343E-09,  5.7751E-09,  7.8077E-09,BAA
Sb-124m  , M,7300,      1.00,  0.0000E+00,  0.0000E+00,  0.0000E+00,BBB
Sb-124n  , M,7300,      1.00,  2.8028E-12,  5.1572E-12,  5.6819E-12,BBB
Sb-125   , M,7300,      1.00,  1.2583E-09,  4.2168E-09,  1.1354E-08,AAA
Sb-126   , M,7300,      1.00,  9.1237E-10,  2.6458E-09,  3.0060E-09,BAA
Sb-126m  , M,7300,      1.00,  1.0116E-11,  1.5556E-11,  1.6178E-11,BBB
Sb-127   , M,7300,      1.00,  3.6625E-10,  1.3484E-09,  1.5010E-09,BAA
Sb-128   , M,7300,      1.00,  2.0191E-10,  3.4059E-10,  3.5577E-10,BBB
Sb-128m  , M,7300,      1.00,  8.3362E-12,  1.1630E-11,  1.1991E-11,BBB
Sb-129   , M,7300,      1.00,  8.8268E-11,  1.9013E-10,  2.0232E-10,BBB
Sb-130   , M,7300,      1.00,  2.6947E-11,  4.1837E-11,  4.3473E-11,BBB
Sb-130m  , M,7300,      1.00,  0.0000E+00,  0.0000E+00,  0.0000E+00,BBB
Sb-131   , M,7300,      1.00,  2.9956E-11,  3.6079E-11,  3.6236E-11,BBB
Sb-133   , M,7300,      1.00,  0.0000E+00,  0.0000E+00,  0.0000E+00,BBB
Sc-42m   , M,7300,      1.00,  0.0000E+00,  0.0000E+00,  0.0000E+00,BBB
Sc-43    , M,7300,      1.00,  4.7840E-11,  9.4583E-11,  9.9757E-11,BBB
Sc-44    , M,7300,      1.00,  8.2065E-11,  1.4396E-10,  1.5082E-10,BBB
Sc-44m   , M,7300,      1.00,  6.0114E-10,  1.0777E-09,  1.1529E-09,BAA
Sc-46    , M,7300,      1.00,  5.7639E-09,  5.2372E-09,  5.9474E-09,BAA
Sc-47    , M,7300,      1.00,  1.3129E-10,  5.0006E-10,  5.5232E-10,BAA
Sc-48    , M,7300,      1.00,  5.0817E-10,  8.5889E-10,  9.0116E-10,BBB
Sc-49    , M,7300,      1.00,  1.3619E-11,  2.9877E-11,  3.1664E-11,BBB
Sc-50    , M,7300,      1.00,  0.0000E+00,  0.0000E+00,  0.0000E+00,BBB
Se-70    , F,7300,      1.00,  3.1078E-11,  5.2775E-11,  5.5161E-11,BBB
Se-71    , F,7300,      1.00,  0.0000E+00,  0.0000E+00,  0.0000E+00,BBB
Se-72    , F,7300,      1.00,  1.6530E-09,  3.0411E-09,  3.3582E-09,BAA
Se-73    , F,7300,      1.00,  6.7979E-11,  1.5746E-10,  1.6926E-10,BBB
Se-73m   , F,7300,      1.00,  7.7880E-12,  1.6524E-11,  1.7639E-11,BBB
Se-75    , F,7300,      1.00,  8.7019E-10,  9.5625E-10,  1.2402E-09,BAA
Se-77m   , F,7300,      1.00,  0.0000E+00,  0.0000E+00,  0.0000E+00,BBB
Se-79    , F,7300,      1.00,  9.2876E-10,  1.9699E-09,  5.7692E-09,BAA
Se-79m   , F,7300,      1.00,  0.0000E+00,  0.0000E+00,  0.0000E+00,BBB
Se-81    , F,7300,      1.00,  6.3718E-12,  1.1037E-11,  1.1549E-11,BBB
Se-81m   , F,7300,      1.00,  1.3104E-11,  3.6646E-11,  3.9239E-11,BBB
Se-83    , F,7300,      1.00,  1.4714E-11,  2.5440E-11,  2.6628E-11,BBB
Se-83m   , F,7300,      1.00,  0.0000E+00,  0.0000E+00,  0.0000E+00,BBB
Se-84    , F,7300,      1.00,  0.0000E+00,  0.0000E+00,  0.0000E+00,BBB
Si-31    , M,7300,      1.00,  2.2176E-11,  5.8536E-11,  6.2560E-11,BBB
Si-32    , M,7300,      1.00,  2.8307E-09,  1.5877E-08,  1.1275E-07,AAA
Sm-139   , M,7300,      1.00,  0.0000E+00,  0.0000E+00,  0.0000E+00,BBB
Sm-140   , M,7300,      1.00,  1.6565E-11,  2.6081E-11,  2.7164E-11,BBB
Sm-141   , M,7300,      1.00,  8.1805E-12,  1.2453E-11,  1.2922E-11,BBB
Sm-141m  , M,7300,      1.00,  1.5659E-11,  2.5242E-11,  2.6300E-11,BBB
Sm-142   , M,7300,      1.00,  3.0656E-11,  5.8147E-11,  6.1181E-11,BBB
Sm-143   , M,7300,      1.00,  0.0000E+00,  0.0000E+00,  0.0000E+00,BBB
Sm-143m  , M,7300,      1.00,  0.0000E+00,  0.0000E+00,  0.0000E+00,BBB
Sm-145   , M,7300,      1.00,  2.5229E-09,  1.5259E-09,  1.4789E-09,AAA
Sm-146   , M,7300,      1.00,  2.2369E-05,  1.0321E-05,  4.7273E-06,AAA
Sm-147   , M,7300,      1.00,  2.0439E-05,  9.3738E-06,  4.2409E-06,AAA
Sm-148   , M,7300,      1.00,  1.7576E-05,  7.9976E-06,  3.5576E-06,AAA
Sm-151   , M,7300,      1.00,  8.2069E-09,  3.8752E-09,  1.9119E-09,AAA
Sm-153   , M,7300,      1.00,  1.4717E-10,  4.8412E-10,  5.2811E-10,BAA
Sm-155   , M,7300,      1.00,  7.5225E-12,  1.3393E-11,  1.4032E-11,BBB
Sm-156   , M,7300,      1.00,  7.6309E-11,  1.7542E-10,  1.9241E-10,BAA
Sm-157   , M,7300,      1.00,  0.0000E+00,  0.0000E+00,  0.0000E+00,BBB
Sn-106   , M,7300,      1.00,  0.0000E+00,  0.0000E+00,  0.0000E+00,BBB
Sn-108   , M,7300,      1.00,  6.2205E-12,  9.2370E-12,  9.5693E-12,BBB
Sn-109   , M,7300,      1.00,  7.4873E-12,  9.4344E-12,  9.6998E-12,BBB
Sn-110   , M,7300,      1.00,  8.6136E-11,  1.3340E-10,  1.3866E-10,BBB
Sn-111   , M,7300,      1.00,  5.9895E-12,  9.8663E-12,  1.0307E-11,BBB
Sn-113   , M,7300,      1.00,  4.7827E-10,  2.4229E-09,  3.6781E-09,AAA
Sn-113m  , M,7300,      1.00,  1.4871E-12,  3.0934E-12,  3.3891E-12,BBB
Sn-117m  , M,7300,      1.00,  2.4732E-10,  1.8556E-09,  2.1471E-09,AAA
Sn-119m  , M,7300,      1.00,  2.5609E-10,  1.7424E-09,  2.8451E-09,AAA
Sn-121   , M,7300,      1.00,  5.0583E-11,  1.7023E-10,  1.8552E-10,BAA
Sn-121m  , M,7300,      1.00,  7.1270E-10,  3.7427E-09,  1.4238E-08,AAA
Sn-123   , M,7300,      1.00,  1.0295E-09,  7.4649E-09,  1.2149E-08,AAA
Sn-123m  , M,7300,      1.00,  1.0531E-11,  2.0949E-11,  2.2100E-11,BBB
Sn-125   , M,7300,      1.00,  7.5703E-10,  2.6995E-09,  3.0954E-09,AAA
Sn-125m  , M,7300,      1.00,  0.0000E+00,  0.0000E+00,  0.0000E+00,BBB
Sn-126   , M,7300,      1.00,  1.0149E-08,  2.6917E-08,  1.5969E-07,AAA
Sn-127   , M,7300,      1.00,  5.4036E-11,  1.0693E-10,  1.1360E-10,BBB
Sn-127m  , M,7300,      1.00,  0.0000E+00,  0.0000E+00,  0.0000E+00,BBB
Sn-128   , M,7300,      1.00,  4.0809E-11,  7.3652E-11,  7.7277E-11,BBB
Sn-129   , M,7300,      1.00,  0.0000E+00,  0.0000E+00,  0.0000E+00,BBB
Sn-130   , M,7300,      1.00,  0.0000E+00,  0.0000E+00,  0.0000E+00,BBB
Sn-130m  , M,7300,      1.00,  0.0000E+00,  0.0000E+00,  0.0000E+00,BBB
Sr-79    , M,7300,      1.00,  0.0000E+00,  0.0000E+00,  0.0000E+00,BBB
Sr-80    , M,7300,      1.00,  6.9169E-11,  1.2523E-10,  1.3187E-10,BBB
Sr-81    , M,7300,      1.00,  1.5483E-11,  2.5136E-11,  2.6245E-11,BBB
Sr-82    , M,7300,      1.00,  1.8283E-09,  8.4653E-09,  1.0275E-08,AAA
Sr-83    , M,7300,      1.00,  1.4219E-10,  2.7126E-10,  2.9447E-10,BBB
Sr-85    , M,7300,      1.00,  3.2299E-10,  6.0702E-10,  7.9336E-10,BAA
Sr-85m   , M,7300,      1.00,  2.4009E-12,  3.4063E-12,  3.6168E-12,BBB
Sr-87m   , M,7300,      1.00,  9.4913E-12,  1.6086E-11,  1.6899E-11,BBB
Sr-89    , M,7300,      1.00,  8.7155E-10,  5.5018E-09,  7.2503E-09,AAA
Sr-90    , M,7300,      1.00,  2.0858E-08,  3.3840E-08,  1.5808E-07,AAA
Sr-91    , M,7300,      1.00,  1.3252E-10,  3.0834E-10,  3.4375E-10,BBB
Sr-92    , M,7300,      1.00,  8.0306E-11,  1.6973E-10,  1.8217E-10,BBB
Sr-93    , M,7300,      1.00,  0.0000E+00,  0.0000E+00,  0.0000E+00,BBB
Sr-94    , M,7300,      1.00,  0.0000E+00,  0.0000E+00,  0.0000E+00,BBB
Ta-170   , M,7300,      1.00,  0.0000E+00,  0.0000E+00,  0.0000E+00,BBB
Ta-172   , M,7300,      1.00,  1.6103E-11,  2.7296E-11,  2.9021E-11,BBB
Ta-173   , M,7300,      1.00,  2.6809E-11,  5.8121E-11,  6.2042E-11,BBB
Ta-174   , M,7300,      1.00,  1.8366E-11,  3.6175E-11,  3.8142E-11,BBB
Ta-175   , M,7300,      1.00,  6.9291E-11,  1.1435E-10,  1.2073E-10,BBB
Ta-176   , M,7300,      1.00,  9.8466E-11,  1.5525E-10,  1.6160E-10,BBB
Ta-177   , M,7300,      1.00,  2.6764E-11,  7.3444E-11,  8.0146E-11,BAA
Ta-178   , M,7300,      1.00,  0.0000E+00,  0.0000E+00,  0.0000E+00,BBB
Ta-178m  , M,7300,      1.00,  2.8561E-11,  5.6038E-11,  5.9079E-11,BBB
Ta-179   , M,7300,      1.00,  8.8375E-11,  1.8030E-10,  4.8718E-10,BAA
Ta-180   , M,7300,      1.00,  1.1122E-11,  3.4028E-11,  3.6593E-11,BBB
Ta-182   , M,7300,      1.00,  1.7569E-09,  6.3164E-09,  8.7537E-09,BAA
Ta-182m  , M,7300,      1.00,  9.4336E-12,  1.6202E-11,  1.7124E-11,BBB
Ta-183   , M,7300,      1.00,  3.1363E-10,  1.5253E-09,  1.6969E-09,AAA
Ta-184   , M,7300,      1.00,  1.4066E-10,  3.1862E-10,  3.3849E-10,BBB
Ta-185   , M,7300,      1.00,  1.6023E-11,  3.6183E-11,  3.8623E-11,BBB
Ta-186   , M,7300,      1.00,  9.6039E-12,  1.3899E-11,  1.4372E-11,BBB
Tb-146   , M,7300,      1.00,  0.0000E+00,  0.0000E+00,  0.0000E+00,BBB
Tb-147   , M,7300,      1.00,  3.9541E-11,  5.8107E-11,  6.0370E-11,BBB
Tb-147m  , M,7300,      1.00,  0.0000E+00,  0.0000E+00,  0.0000E+00,BBB
Tb-148   , M,7300,      1.00,  5.0970E-11,  4.6951E-11,  5.5352E-11,AAB
Tb-148m  , M,7300,      1.00,  0.0000E+00,  0.0000E+00,  0.0000E+00,BBB
Tb-149   , M,7300,      1.00,  3.5167E-10,  2.7642E-09,  3.0336E-09,AAA
Tb-149m  , M,7300,      1.00,  0.0000E+00,  0.0000E+00,  0.0000E+00,BBB
Tb-150   , M,7300,      1.00,  6.0784E-11,  8.5443E-11,  8.8172E-11,BBB
Tb-150m  , M,7300,      1.00,  0.0000E+00,  0.0000E+00,  0.0000E+00,BBB
Tb-151   , M,7300,      1.00,  1.0803E-10,  1.8886E-10,  1.9885E-10,BBB
Tb-151m  , M,7300,      1.00,  0.0000E+00,  0.0000E+00,  0.0000E+00,BBB
Tb-152   , M,7300,      1.00,  1.6162E-10,  2.5172E-10,  2.6193E-10,BBB
Tb-152m  , M,7300,      1.00,  0.0000E+00,  0.0000E+00,  0.0000E+00,BBB
Tb-153   , M,7300,      1.00,  7.8794E-11,  1.8487E-10,  1.9821E-10,ABB
Tb-154   , M,7300,      1.00,  1.9709E-10,  2.8370E-10,  2.9361E-10,BBB
Tb-155   , M,7300,      1.00,  7.8744E-11,  2.1846E-10,  2.3857E-10,AAA
Tb-156   , M,7300,      1.00,  5.2560E-10,  9.5157E-10,  1.0137E-09,BBB
Tb-156m  , M,7300,      1.00,  8.4490E-11,  1.5304E-10,  1.6536E-10,BAA
Tb-156n  , M,7300,      1.00,  3.2269E-11,  7.6199E-11,  8.2731E-11,BAA
Tb-157   , M,7300,      1.00,  2.8506E-09,  1.3091E-09,  7.2837E-10,AAA
Tb-158   , M,7300,      1.00,  9.3325E-08,  4.5129E-08,  3.2008E-08,AAA
Tb-160   , M,7300,      1.00,  3.6919E-09,  5.9514E-09,  7.0583E-09,AAA
Tb-161   , M,7300,      1.00,  2.4560E-10,  9.7672E-10,  1.0881E-09,AAA
Tb-162   , M,7300,      1.00,  0.0000E+00,  0.0000E+00,  0.0000E+00,BBB
Tb-163   , M,7300,      1.00,  7.9263E-12,  1.2889E-11,  1.3437E-11,BBB
Tb-164   , M,7300,      1.00,  0.0000E+00,  0.0000E+00,  0.0000E+00,BBB
Tb-165   , M,7300,      1.00,  0.0000E+00,  0.0000E+00,  0.0000E+00,BBB
Tc-101   , M,7300,      1.00,  6.5994E-12,  9.3209E-12,  9.6214E-12,BBB
Tc-102   , M,7300,      1.00,  0.0000E+00,  0.0000E+00,  0.0000E+00,BBB
Tc-102m  , M,7300,      1.00,  0.0000E+00,  0.0000E+00,  0.0000E+00,BBB
Tc-104   , M,7300,      1.00,  1.9569E-11,  2.3819E-11,  2.4291E-11,BBB
Tc-105   , M,7300,      1.00,  0.0000E+00,  0.0000E+00,  0.0000E+00,BBB
Tc-91    , M,7300,      1.00,  0.0000E+00,  0.0000E+00,  0.0000E+00,BBB
Tc-91m   , M,7300,      1.00,  0.0000E+00,  0.0000E+00,  0.0000E+00,BBB
Tc-92    , M,7300,      1.00,  0.0000E+00,  0.0000E+00,  0.0000E+00,BBB
Tc-93    , M,7300,      1.00,  3.3867E-11,  3.7363E-11,  3.7774E-11,BBB
Tc-93m   , M,7300,      1.00,  1.4456E-11,  1.6686E-11,  1.6938E-11,BBB
Tc-94    , M,7300,      1.00,  9.4330E-11,  1.0420E-10,  1.0551E-10,BBB
Tc-94m   , M,7300,      1.00,  3.5063E-11,  3.7917E-11,  3.8242E-11,BBB
Tc-95    , M,7300,      1.00,  8.2643E-11,  8.9710E-11,  9.0864E-11,BBB
Tc-95m   , M,7300,      1.00,  2.5651E-10,  8.4482E-10,  1.1532E-09,BAA
Tc-96    , M,7300,      1.00,  4.8842E-10,  6.0538E-10,  6.2199E-10,BBB
Tc-96m   , M,7300,      1.00,  5.2591E-12,  6.2966E-12,  6.4417E-12,BBB
Tc-97    , M,7300,      1.00,  3.7538E-11,  2.1988E-10,  1.8168E-09,BAA
Tc-97m   , M,7300,      1.00,  2.3127E-10,  2.4627E-09,  3.2077E-09,BAA
Tc-98    , M,7300,      1.00,  7.9168E-10,  7.0650E-09,  4.2192E-08,BAA
Tc-99    , M,7300,      1.00,  2.4586E-10,  3.2658E-09,  1.2564E-08,AAA
Tc-99m   , M,7300,      1.00,  9.7358E-12,  1.4860E-11,  1.5440E-11,BBB
Te-113   , M,7300,      1.00,  0.0000E+00,  0.0000E+00,  0.0000E+00,BBB
Te-114   , M,7300,      1.00,  1.5140E-11,  2.2607E-11,  2.3428E-11,BBB
Te-115   , M,7300,      1.00,  0.0000E+00,  0.0000E+00,  0.0000E+00,BBB
Te-115m  , M,7300,      1.00,  0.0000E+00,  0.0000E+00,  0.0000E+00,BBB
Te-116   , M,7300,      1.00,  5.4333E-11,  9.6106E-11,  1.0132E-10,BBB
Te-117   , M,7300,      1.00,  1.6764E-11,  2.5389E-11,  2.6403E-11,BBB
Te-118   , M,7300,      1.00,  6.6703E-10,  2.0459E-09,  2.2683E-09,AAA
Te-119   , M,7300,      1.00,  6.3445E-11,  8.6120E-11,  9.0148E-11,BBB
Te-119m  , M,7300,      1.00,  2.8556E-10,  4.4703E-10,  4.7199E-10,BBB
Te-121   , M,7300,      1.00,  2.2414E-10,  3.7803E-10,  4.1371E-10,BBB
Te-121m  , M,7300,      1.00,  1.6205E-09,  3.5832E-09,  4.9795E-09,AAA
Te-123   , M,7300,      1.00,  1.0706E-09,  5.3169E-10,  2.6306E-10,AAA
Te-123m  , M,7300,      1.00,  8.3454E-10,  3.1200E-09,  4.0093E-09,AAA
Te-125m  , M,7300,      1.00,  4.4158E-10,  2.5778E-09,  3.1705E-09,AAA
Te-127   , M,7300,      1.00,  3.2109E-11,  9.6077E-11,  1.0564E-10,BAA
Te-127m  , M,7300,      1.00,  1.3501E-09,  6.0286E-09,  8.1310E-09,AAA
Te-129   , M,7300,      1.00,  1.2925E-11,  2.9061E-11,  3.0876E-11,BBB
Te-129m  , M,7300,      1.00,  1.1486E-09,  5.5281E-09,  6.7424E-09,AAA
Te-131   , M,7300,      1.00,  1.9156E-11,  2.2644E-11,  2.1934E-11,ABB
Te-131m  , M,7300,      1.00,  7.4046E-10,  8.4944E-10,  7.1660E-10,ABA
Te-132   , M,7300,      1.00,  1.5325E-09,  1.6849E-09,  1.6711E-09,AAA
Te-133   , M,7300,      1.00,  1.6164E-11,  1.5640E-11,  1.4907E-11,ABB
Te-133m  , M,7300,      1.00,  6.5632E-11,  6.1997E-11,  5.8982E-11,ABB
Te-134   , M,7300,      1.00,  3.6920E-11,  5.0497E-11,  5.2038E-11,BBB
Th-223   , S,7300,      1.00,  0.0000E+00,  0.0000E+00,  0.0000E+00,BBB
Th-224   , S,7300,      1.00,  0.0000E+00,  0.0000E+00,  0.0000E+00,BBB
Th-226   , S,7300,      1.00,  1.5819E-08,  4.0405E-08,  4.3129E-08,BBB
Th-227   , S,7300,      1.00,  5.9110E-07,  6.2102E-06,  7.6512E-06,AAA
Th-228   , S,7300,      1.00,  2.6171E-05,  2.6820E-05,  3.3407E-05,AAA
Th-229   , S,7300,      1.00,  2.1158E-04,  1.0364E-04,  6.8131E-05,AAA
Th-230   , S,7300,      1.00,  8.9965E-05,  4.1327E-05,  1.3225E-05,AAA
Th-231   , S,7300,      1.00,  6.5728E-11,  2.2811E-10,  2.4259E-10,AAA
Th-232   , S,7300,      1.00,  9.7466E-05,  4.4083E-05,  2.4557E-05,AAA
Th-233   , S,7300,      1.00,  6.9916E-12,  1.3301E-11,  1.4129E-11,BBB
Th-234   , S,7300,      1.00,  2.1780E-09,  5.8297E-09,  6.7874E-09,AAA
Th-235   , S,7300,      1.00,  0.0000E+00,  0.0000E+00,  0.0000E+00,BBB
Th-236   , S,7300,      1.00,  2.0298E-11,  4.2311E-11,  4.4736E-11,BBB
Ti-44    , M,7300,      1.00,  5.4406E-08,  4.1513E-08,  1.2813E-07,AAA
Ti-45    , M,7300,      1.00,  3.4739E-11,  7.0187E-11,  7.4110E-11,BBB
Ti-51    , M,7300,      1.00,  0.0000E+00,  0.0000E+00,  0.0000E+00,BBB
Ti-52    , M,7300,      1.00,  0.0000E+00,  0.0000E+00,  0.0000E+00,BBB
Tl-190   , M,7300,      1.00,  0.0000E+00,  0.0000E+00,  0.0000E+00,BBB
Tl-190m  , M,7300,      1.00,  0.0000E+00,  0.0000E+00,  0.0000E+00,BBB
Tl-194   , M,7300,      1.00,  9.2852E-12,  1.5156E-11,  1.5805E-11,BBB
Tl-194m  , M,7300,      1.00,  1.5368E-11,  2.2895E-11,  2.3727E-11,BBB
Tl-195   , M,7300,      1.00,  1.2050E-11,  1.9033E-11,  1.9952E-11,BBB
Tl-196   , M,7300,      1.00,  2.3240E-11,  3.1524E-11,  3.2440E-11,BBB
Tl-197   , M,7300,      1.00,  1.2191E-11,  2.8086E-11,  2.9995E-11,BBB
Tl-198   , M,7300,      1.00,  5.2116E-11,  6.2168E-11,  6.3288E-11,BBB
Tl-198m  , M,7300,      1.00,  3.1198E-11,  5.1999E-11,  5.4297E-11,BBB
Tl-199   , M,7300,      1.00,  1.6330E-11,  3.6665E-11,  3.8943E-11,BBB
Tl-200   , M,7300,      1.00,  1.1475E-10,  1.4804E-10,  1.5194E-10,BBB
Tl-201   , M,7300,      1.00,  3.9086E-11,  1.3328E-10,  1.4724E-10,BAA
Tl-202   , M,7300,      1.00,  1.6480E-10,  3.1953E-10,  3.4874E-10,BBB
Tl-204   , M,7300,      1.00,  3.3901E-10,  5.5895E-09,  1.8238E-08,AAA
Tl-206   , M,7300,      1.00,  0.0000E+00,  0.0000E+00,  0.0000E+00,BBB
Tl-206m  , M,7300,      1.00,  0.0000E+00,  0.0000E+00,  0.0000E+00,BBB
Tl-207   , M,7300,      1.00,  0.0000E+00,  0.0000E+00,  0.0000E+00,BBB
Tl-208   , M,7300,      1.00,  0.0000E+00,  0.0000E+00,  0.0000E+00,BBB
Tl-209   , M,7300,      1.00,  0.0000E+00,  0.0000E+00,  0.0000E+00,BBB
Tl-210   , M,7300,      1.00,  0.0000E+00,  0.0000E+00,  0.0000E+00,BBB
Tm-161   , M,7300,      1.00,  1.2542E-11,  1.9518E-11,  2.0288E-11,BBB
Tm-162   , M,7300,      1.00,  1.0320E-11,  1.5583E-11,  1.6162E-11,BBB
Tm-163   , M,7300,      1.00,  1.9298E-11,  2.8996E-11,  3.0067E-11,BBB
Tm-164   , M,7300,      1.00,  0.0000E+00,  0.0000E+00,  0.0000E+00,BBB
Tm-165   , M,7300,      1.00,  9.4879E-11,  1.7468E-10,  1.8402E-10,BBB
Tm-166   , M,7300,      1.00,  9.0312E-11,  1.4033E-10,  1.4590E-10,BBB
Tm-167   , M,7300,      1.00,  2.3459E-10,  9.0914E-10,  1.0201E-09,AAA
Tm-168   , M,7300,      1.00,  3.3371E-09,  3.8466E-09,  4.4192E-09,AAA
Tm-170   , M,7300,      1.00,  3.1373E-09,  5.9885E-09,  8.1433E-09,AAA
Tm-171   , M,7300,      1.00,  1.8811E-09,  1.2207E-09,  1.0896E-09,AAA
Tm-172   , M,7300,      1.00,  3.0148E-10,  9.1664E-10,  9.9446E-10,AAA
Tm-173   , M,7300,      1.00,  5.9249E-11,  1.3989E-10,  1.4891E-10,BBB
Tm-174   , M,7300,      1.00,  0.0000E+00,  0.0000E+00,  0.0000E+00,BBB
Tm-175   , M,7300,      1.00,  8.8370E-12,  1.4392E-11,  1.5030E-11,BBB
Tm-176   , M,7300,      1.00,  0.0000E+00,  0.0000E+00,  0.0000E+00,BBB
U-227    , M,7300,      1.00,  0.0000E+00,  0.0000E+00,  0.0000E+00,BBB
U-228    , M,7300,      1.00,  0.0000E+00,  0.0000E+00,  0.0000E+00,BBB
U-230    , M,7300,      1.00,  3.4042E-07,  9.8971E-06,  1.1871E-05,BAA
U-231    , M,7300,      1.00,  6.0299E-11,  3.5698E-10,  3.8699E-10,AAA
U-232    , M,7300,      1.00,  3.5565E-06,  6.7610E-06,  3.6278E-05,AAA
U-233    , M,7300,      1.00,  5.1313E-07,  2.7661E-06,  8.7146E-06,AAA
U-234    , M,7300,      1.00,  4.9466E-07,  2.7084E-06,  8.5422E-06,AAA
U-235    , M,7300,      1.00,  4.6071E-07,  2.4037E-06,  7.7109E-06,AAA
U-235m   , M,7300,      1.00,  5.1759E-16,  5.8238E-16,  5.8987E-16,AAA
U-236    , M,7300,      1.00,  4.6573E-07,  2.4772E-06,  7.8964E-06,AAA
U-237    , M,7300,      1.00,  1.5054E-10,  1.2446E-09,  1.4163E-09,BAA
U-238    , M,7300,      1.00,  4.4414E-07,  2.2361E-06,  7.3520E-06,AAA
U-239    , M,7300,      1.00,  8.4987E-12,  1.7422E-11,  1.8415E-11,BBB
U-240    , M,7300,      1.00,  1.6369E-10,  4.1424E-10,  4.4144E-10,BAA
U-242    , M,7300,      1.00,  1.3356E-11,  2.1519E-11,  2.2417E-11,BBB
V-47     , M,7300,      1.00,  1.4228E-11,  2.3694E-11,  2.4739E-11,BBB
V-48     , M,7300,      1.00,  8.1941E-10,  2.0421E-09,  2.3385E-09,BAA
V-49     , M,7300,      1.00,  1.8306E-11,  3.3040E-11,  6.8940E-11,AAA
V-50     , M,7300,      1.00,  5.7403E-08,  2.8204E-08,  2.7132E-08,AAA
V-52     , M,7300,      1.00,  0.0000E+00,  0.0000E+00,  0.0000E+00,BBB
V-53     , M,7300,      1.00,  0.0000E+00,  0.0000E+00,  0.0000E+00,BBB
W-177    , M,7300,      1.00,  2.0116E-11,  3.3052E-11,  3.4510E-11,BBB
W-178    , M,7300,      1.00,  6.9442E-11,  5.5282E-10,  6.5869E-10,BAA
W-179    , M,7300,      1.00,  7.2865E-13,  1.0185E-12,  1.0625E-12,BBB
W-179m   , M,7300,      1.00,  0.0000E+00,  0.0000E+00,  0.0000E+00,BBB
W-181    , M,7300,      1.00,  2.5016E-11,  1.6635E-10,  2.7131E-10,BAA
W-185    , M,7300,      1.00,  9.8272E-11,  2.3291E-09,  3.0986E-09,AAA
W-185m   , M,7300,      1.00,  0.0000E+00,  0.0000E+00,  0.0000E+00,BBB
W-187    , M,7300,      1.00,  1.5351E-10,  2.9532E-10,  3.1568E-10,BAA
W-188    , M,7300,      1.00,  4.8290E-10,  9.9094E-09,  1.4174E-08,AAA
W-190    , M,7300,      1.00,  2.8553E-11,  5.3599E-11,  5.6357E-11,BBB
Xe-120   , M,7300,      1.00,  0.0000E+00,  0.0000E+00,  0.0000E+00,BBB
Xe-121   , M,7300,      1.00,  0.0000E+00,  0.0000E+00,  0.0000E+00,BBB
Xe-122   , M,7300,      1.00,  0.0000E+00,  0.0000E+00,  0.0000E+00,BBB
Xe-123   , M,7300,      1.00,  0.0000E+00,  0.0000E+00,  0.0000E+00,BBB
Xe-125   , M,7300,      1.00,  0.0000E+00,  0.0000E+00,  0.0000E+00,BBB
Xe-127   , M,7300,      1.00,  0.0000E+00,  0.0000E+00,  0.0000E+00,BBB
Xe-127m  , M,7300,      1.00,  0.0000E+00,  0.0000E+00,  0.0000E+00,BBB
Xe-129m  , M,7300,      1.00,  0.0000E+00,  0.0000E+00,  0.0000E+00,BBB
Xe-131m  , M,7300,      1.00,  0.0000E+00,  0.0000E+00,  0.0000E+00,BBB
Xe-133   , M,7300,      1.00,  0.0000E+00,  0.0000E+00,  0.0000E+00,BBB
Xe-133m  , M,7300,      1.00,  0.0000E+00,  0.0000E+00,  0.0000E+00,BBB
Xe-135   , M,7300,      1.00,  0.0000E+00,  0.0000E+00,  0.0000E+00,BBB
Xe-135m  , M,7300,      1.00,  0.0000E+00,  0.0000E+00,  0.0000E+00,BBB
Xe-137   , M,7300,      1.00,  0.0000E+00,  0.0000E+00,  0.0000E+00,BBB
Xe-138   , M,7300,      1.00,  0.0000E+00,  0.0000E+00,  0.0000E+00,BBB
Y-81     , M,7300,      1.00,  0.0000E+00,  0.0000E+00,  0.0000E+00,BBB
Y-83     , M,7300,      1.00,  0.0000E+00,  0.0000E+00,  0.0000E+00,BBB
Y-83m    , M,7300,      1.00,  0.0000E+00,  0.0000E+00,  0.0000E+00,BBB
Y-84m    , M,7300,      1.00,  3.2664E-11,  4.9367E-11,  5.1206E-11,BBB
Y-85     , M,7300,      1.00,  4.4437E-11,  7.5150E-11,  7.8682E-11,BBB
Y-85m    , M,7300,      1.00,  7.8978E-11,  1.3287E-10,  1.3913E-10,BBB
Y-86     , M,7300,      1.00,  2.7444E-10,  3.7713E-10,  3.8870E-10,BBB
Y-86m    , M,7300,      1.00,  1.6224E-11,  2.2609E-11,  2.3326E-11,BBB
Y-87     , M,7300,      1.00,  1.8641E-10,  3.1244E-10,  3.2908E-10,BBB
Y-87m    , M,7300,      1.00,  6.0169E-11,  1.0863E-10,  1.1458E-10,BBB
Y-88     , M,7300,      1.00,  5.4197E-09,  4.0732E-09,  4.4860E-09,AAA
Y-89m    , M,7300,      1.00,  0.0000E+00,  0.0000E+00,  0.0000E+00,BBB
Y-90     , M,7300,      1.00,  4.4992E-10,  1.1854E-09,  1.2783E-09,AAA
Y-90m    , M,7300,      1.00,  3.8047E-11,  8.0590E-11,  8.5902E-11,BBB
Y-91     , M,7300,      1.00,  2.7448E-09,  6.4579E-09,  8.2213E-09,AAA
Y-91m    , M,7300,      1.00,  5.3551E-12,  8.7163E-12,  9.8924E-12,BBB
Y-92     , M,7300,      1.00,  7.2194E-11,  1.3961E-10,  1.4804E-10,BAA
Y-93     , M,7300,      1.00,  1.5100E-10,  3.3351E-10,  3.5398E-10,AAA
Y-94     , M,7300,      1.00,  1.3366E-11,  2.1708E-11,  2.2626E-11,BBB
Y-95     , M,7300,      1.00,  8.3055E-12,  1.1971E-11,  1.2445E-11,BBB
Yb-162   , M,7300,      1.00,  7.9709E-12,  1.3459E-11,  1.4064E-11,BBB
Yb-163   , M,7300,      1.00,  4.6125E-12,  6.6021E-12,  6.8215E-12,BBB
Yb-164   , M,7300,      1.00,  1.9005E-11,  3.4432E-11,  3.6133E-11,BBB
Yb-165   , M,7300,      1.00,  0.0000E+00,  0.0000E+00,  0.0000E+00,BBB
Yb-166   , M,7300,      1.00,  2.9710E-10,  5.7929E-10,  6.1512E-10,BBB
Yb-167   , M,7300,      1.00,  2.5720E-12,  5.0042E-12,  5.3224E-12,BBB
Yb-169   , M,7300,      1.00,  7.0347E-10,  2.2612E-09,  2.6469E-09,AAA
Yb-175   , M,7300,      1.00,  1.0700E-10,  4.9691E-10,  5.5018E-10,AAA
Yb-177   , M,7300,      1.00,  2.1016E-11,  5.2705E-11,  5.6514E-11,BBB
Yb-178   , M,7300,      1.00,  2.1901E-11,  5.4062E-11,  5.7614E-11,BBB
Yb-179   , M,7300,      1.00,  0.0000E+00,  0.0000E+00,  0.0000E+00,BBB
Zn-60    , M,7300,      1.00,  0.0000E+00,  0.0000E+00,  0.0000E+00,BBB
Zn-61    , M,7300,      1.00,  0.0000E+00,  0.0000E+00,  0.0000E+00,BBB
Zn-62    , M,7300,      1.00,  1.6907E-10,  4.1625E-10,  4.5183E-10,BBB
Zn-63    , M,7300,      1.00,  1.6297E-11,  2.8729E-11,  3.0106E-11,BBB
Zn-65    , M,7300,      1.00,  1.9463E-09,  1.5425E-09,  1.9951E-09,BAA
Zn-69    , M,7300,      1.00,  8.5359E-12,  1.9967E-11,  2.1236E-11,BBB
Zn-69m   , M,7300,      1.00,  6.8697E-11,  2.1352E-10,  2.0945E-10,BBA
Zn-71    , M,7300,      1.00,  0.0000E+00,  0.0000E+00,  0.0000E+00,BBB
Zn-71m   , M,7300,      1.00,  6.2050E-11,  1.2430E-10,  1.3216E-10,BBB
Zn-72    , M,7300,      1.00,  4.2402E-10,  9.7433E-10,  1.0653E-09,BAA
Zr-85    , M,7300,      1.00,  0.0000E+00,  0.0000E+00,  0.0000E+00,BBB
Zr-86    , M,7300,      1.00,  2.3275E-10,  3.5029E-10,  3.6396E-10,BBB
Zr-87    , M,7300,      1.00,  3.6019E-11,  7.0006E-11,  7.3838E-11,BBB
Zr-88    , M,7300,      1.00,  3.0764E-09,  2.6024E-09,  3.6489E-09,AAA
Zr-89    , M,7300,      1.00,  2.5053E-10,  4.3649E-10,  4.6072E-10,BBB
Zr-89m   , M,7300,      1.00,  0.0000E+00,  0.0000E+00,  0.0000E+00,BBB
Zr-93    , M,7300,      1.00,  2.1324E-08,  9.5890E-09,  3.1792E-09,AAA
Zr-95    , M,7300,      1.00,  2.2627E-09,  4.0686E-09,  5.0147E-09,AAA
Zr-97    , M,7300,      1.00,  3.2644E-10,  7.5192E-10,  8.0021E-10,BBB
